benchmark,seed,run_type,configured_generations,actual_generations,history_rows,converged,elapsed_min,cost_baseline,cost_b2,cost_delta_pct,tmax_baseline_C,tmax_b2_C,tmax_delta_C,sigma_baseline_K,sigma_b2_K,sigma_delta_pct,hot_baseline,hot_b2,hot_delta,dvfs_baseline_pct,dvfs_b2_pct,dvfs_delta_pctpt,makespan_baseline_us,makespan_b2_us,makespan_delta_pct,comm_baseline,comm_b2,comm_delta_pct,congestion_baseline,congestion_b2,congestion_delta_pct,load_baseline,load_b2,load_delta_pct,pe_optical_energy_baseline_mJ,pe_optical_energy_b2_mJ,pe_optical_energy_delta_pct,optical_margin_baseline_dB,optical_margin_b2_dB,optical_margin_delta_dB,optical_ber_baseline,optical_ber_b2,optical_tuning_baseline_mW,optical_tuning_b2_mW,optical_tuning_delta_pct,history_avg_inf_gens,history_worst_inf_gens,history_best_inf_gens,valid,validity_notes
GEMM,40,base,60,60,60,False,1.392460725006337,6.000000000000001,3.7756299369185338,-37.07283438469111,54.93421735578005,53.20354868684001,-1.7306686689400408,2.1434761400252804,1.3099701471744862,-38.885713597957924,6,0,-6,1.8350526805555563,0.0,-1.8350526805555563,120.405,116.7588,-3.028279556496827,104448.0,68608.0,-34.31372549019608,22528.0,8192.0,-63.63636363636363,0.9202539178734378,0.8059908748264233,-12.416469066609181,1.5708734939939561,1.5161495975444554,-3.4836603112046283,-6.7540627757353,-2.2642611437894,4.4898016319459,0.11245067850978,0.066056026900216,51.554489738666,20.884457583731,-59.490516365119596,0,0,0,True,
MPEG4,40,base,60,28,28,True,0.6665131983347237,6.000000000000001,4.242777663082553,-29.287038948624133,54.44663874680003,52.05575244872,-2.3908862980800336,1.3003837749577485,1.0802911596729816,-16.92520466059475,2,0,-2,0.07168423611111063,0.0,-0.07168423611111063,122.06989999999999,122.34759999999999,0.22749260874301847,420000.0,400000.0,-4.761904761904767,88000.0,48000.0,-45.45454545454546,0.5670623064060744,0.5670623064060744,0.0,1.1328804365769536,1.1320264694293614,-0.07538016546322357,-6.7540105634287,-6.7539987122284,1.1851200300228015e-05,0.073143223754916,0.067503987698138,24.890988958734,16.482893563824,-33.779675885315456,0,0,0,True,
VOPD,40,base,60,24,24,True,6.453055601660163,5.0,4.535907040207907,-9.281859195841857,52.22271921261,52.37165727272003,0.14893806011002653,0.9870939912641029,0.9088410564189721,-7.927607252974733,0,0,0,0.0,0.0,0.0,89.3329,88.51270000000001,-0.9181387820164755,1396000.0,1138000.0,-18.481375358166186,252000.0,138000.0,-45.238095238095234,0.35802469135802467,0.35802469135802467,0.0,0.7507385223064373,0.7449911268570046,-0.7655655436163644,-6.7540341665474,-6.7539857151539,4.845139349995975e-05,0.06538049161693,0.064809077675648,16.127688148597,12.190088957458,-24.415149616354302,14,14,0,True,
HNN,40,base,60,56,56,True,2.1270829383283854,6.000000000000001,5.04699018190069,-15.883496968321841,55.66757624162,55.52869560405003,-0.1388806375699687,2.454372247071413,1.7455646610546751,-28.87938399981892,16,5,-11,11.14198573637825,0.5917053333333313,-10.550280403044919,203.177525,246.09259999999998,21.121959724629956,2195456.0,1736704.0,-20.895522388059707,163840.0,147456.0,-9.999999999999998,0.3028095733610822,0.3881373569198751,28.17869415807559,4.651317011228462,4.500817049650222,-3.2356418884141203,-6.7542238179251,-2.3368360143365,4.4173878035886,0.083163844976119,0.13299692167175,57.610724317951,39.151580535111,-32.04115900533521,0,0,0,True,
GEMM,41,base,60,29,29,True,0.6742437033293148,6.000000000000001,3.795969112228902,-36.73384812951831,54.93421735578005,53.314869881670006,-1.619347474110043,2.1434761400252804,1.378840605050179,-35.672687029120986,6,0,-6,1.8350526805555563,0.0,-1.8350526805555563,120.405,116.7927,-3.000124579544039,104448.0,62464.0,-40.19607843137255,22528.0,8192.0,-63.63636363636363,0.9202539178734378,0.8059908748264233,-12.416469066609181,1.5708734939939561,1.5167610670843386,-3.4447348635335717,-6.7540627757353,-2.1662379404579,4.5878248352774005,0.11245067850978,0.0666946573509,51.554489738666,36.536391506071,-29.130534137226437,0,0,0,True,
MPEG4,41,base,60,57,57,True,1.359473391653349,6.000000000000001,4.097180119498511,-31.713664675024823,54.44663874680003,51.89690268668005,-2.549736060119983,1.3003837749577485,1.0422940592580014,-19.847195933226157,2,0,-2,0.07168423611111063,0.0,-0.07168423611111063,122.06989999999999,121.5296,-0.44261525568547455,420000.0,300000.0,-28.57142857142857,88000.0,40000.0,-54.54545454545454,0.5670623064060744,0.7644253172884515,34.804466573210235,1.1328804365769536,1.1269164285558106,-0.5264463776215922,-6.7540105634287,-6.7540258483857,-1.528495699965049e-05,0.073143223754916,0.065668129138997,24.890988958734,14.078172279837,-43.44068729781381,0,0,0,True,
VOPD,41,base,60,40,40,True,13.049605595010023,5.0,4.4290574560875555,-11.418850878248888,52.22271921261,52.35080305214001,0.12808383953000657,0.9870939912641029,0.9605899974885381,-2.6850526910434325,0,0,0,0.0,0.0,0.0,89.3329,87.5467,-1.9994873109459133,1396000.0,1154000.0,-17.335243553008596,252000.0,86000.0,-65.87301587301587,0.35802469135802467,0.35802469135802467,0.0,0.7507385223064373,0.7396582987192672,-1.4759098218550482,-6.7540341665474,-6.7539805089187,5.3657628699355087e-05,0.06538049161693,0.064821516094094,16.127688148597,15.102639402412,-6.355831888243513,27,27,0,True,
HNN,41,base,60,39,39,True,1.486524806668361,6.000000000000001,5.17401394028756,-13.766434328540678,55.66757624162,56.17274395863001,0.5051677170100106,2.454372247071413,1.8383141988009524,-25.100432463150145,16,11,-5,11.14198573637825,6.241983128860769,-4.900002607517482,203.177525,197.7868,-2.6532093055075867,2195456.0,1613824.0,-26.49253731343284,163840.0,147456.0,-9.999999999999998,0.3028095733610822,0.25286160249739853,-16.49484536082475,4.651317011228462,4.482683210938695,-3.6255064938097936,-6.7542238179251,-6.7541042393124,0.00011957861269973336,0.083163844976119,0.075697254837167,57.610724317951,55.114875835185,-4.3322636754079324,0,0,0,True,
GEMM,42,base,60,45,45,True,1.0681253849994392,6.000000000000001,3.799907180912859,-36.66821365145236,54.93421735578005,53.23828532851002,-1.6959320272700324,2.1434761400252804,1.4089998627280593,-34.265661445084184,6,0,-6,1.8350526805555563,0.0,-1.8350526805555563,120.405,116.7308,-3.0515344047174042,104448.0,51200.0,-50.98039215686274,22528.0,8192.0,-63.63636363636363,0.9202539178734378,0.9964292799047808,8.27764604440613,1.5708734939939561,1.5165817477558798,-3.4561501257519556,-6.7540627757353,-2.2449642359289,4.5090985398064,0.11245067850978,0.065527513321739,51.554489738666,23.218691390716,-54.962814085808084,0,0,0,True,
MPEG4,42,base,60,21,21,True,0.5063180800061673,6.000000000000001,4.216755651138596,-29.720739147690068,54.44663874680003,51.816508380320045,-2.630130366479989,1.3003837749577485,1.0198443512080955,-21.57358690197193,2,0,-2,0.07168423611111063,0.0,-0.07168423611111063,122.06989999999999,121.3516,-0.5884333484339699,420000.0,388000.0,-7.619047619047614,88000.0,48000.0,-45.45454545454546,0.5670623064060744,0.7644253172884515,34.804466573210235,1.1328804365769536,1.1261318681507333,-0.5956999704762711,-6.7540105634287,-6.7540201082651,-9.544836399477674e-06,0.073143223754916,0.074139946664448,24.890988958734,14.036786260033,-43.60695638367702,0,0,0,True,
VOPD,42,base,60,38,38,True,9.73551420167399,5.0,4.44974612228009,-11.005077554398191,52.22271921261,51.86541027742004,-0.35730893518996254,0.9870939912641029,0.9079904142012913,-8.01378366831198,0,0,0,0.0,0.0,0.0,89.3329,87.6888,-1.8404193751686004,1396000.0,1154000.0,-17.335243553008596,252000.0,136000.0,-46.03174603174603,0.35802469135802467,0.35802469135802467,0.0,0.7507385223064373,0.7402316792300394,-1.3995342937936028,-6.7540341665474,-6.7539896035518,4.456299559940646e-05,0.06538049161693,0.067480085653545,16.127688148597,16.017630973614,-0.6824113534993681,21,21,0,True,
HNN,42,base,60,54,54,True,2.1123762083239854,6.000000000000001,4.986974793468414,-16.883753442193118,55.66757624162,54.72792989865002,-0.9396463429699793,2.454372247071413,1.7196509289544641,-29.935203145880873,16,5,-11,11.14198573637825,0.49297539654034994,-10.6490103398379,203.177525,234.93869999999998,15.63222851543249,2195456.0,1638400.0,-25.373134328358205,163840.0,155648.0,-5.000000000000004,0.3028095733610822,0.5171696149843913,70.79037800687284,4.651317011228462,4.433061037732707,-4.69234784403808,-6.7542238179251,-6.7536998265593,0.0005239913657995032,0.083163844976119,0.097701360964762,57.610724317951,53.352655523957,-7.391104424401796,0,0,0,True,
GEMM,43,base,60,20,20,True,0.4825910733236621,6.000000000000001,3.7673396106539467,-37.211006489100896,54.93421735578005,53.00672326804005,-1.9274940877400013,2.1434761400252804,1.4014433814768217,-34.61819540196548,6,0,-6,1.8350526805555563,0.0,-1.8350526805555563,120.405,116.7629,-3.024874382293097,104448.0,60416.0,-42.15686274509803,22528.0,8192.0,-63.63636363636363,0.9202539178734378,0.8059908748264233,-12.416469066609181,1.5708734939939561,1.5167121428106511,-3.4478493265297505,-6.7540627757353,-3.0574999038074,3.6965628719279002,0.11245067850978,0.085360249141417,51.554489738666,35.023357270732,-32.065359489991444,0,0,0,True,
MPEG4,43,base,60,32,32,True,0.7724612816702574,6.000000000000001,4.11216503036325,-31.463916160612516,54.44663874680003,52.81853737770001,-1.6281013691000226,1.3003837749577485,1.1319204135137755,-12.954895676812539,2,0,-2,0.07168423611111063,0.0,-0.07168423611111063,122.06989999999999,121.1636,-0.7424434688649617,420000.0,352000.0,-16.19047619047619,88000.0,24000.0,-72.72727272727273,0.5670623064060744,0.5670623064060744,0.0,1.1328804365769536,1.125682756899805,-0.6353432758444133,-6.7540105634287,-6.7540750089839,-6.444555519991013e-05,0.073143223754916,0.065859468449494,24.890988958734,22.152179389136,-11.003217164808465,0,0,0,True,
VOPD,43,base,60,29,29,True,8.608561038334544,5.0,4.349570016586447,-13.00859966827106,52.22271921261,51.52152313343004,-0.7011960791799652,0.9870939912641029,0.8995542885961757,-8.868426253493977,0,0,0,0.0,0.0,0.0,89.3329,89.3348,0.0021268759885728628,1396000.0,980000.0,-29.79942693409742,252000.0,128000.0,-49.20634920634921,0.35802469135802467,0.35802469135802467,0.0,0.7507385223064373,0.7491663498222894,-0.20941678592940605,-6.7540341665474,-6.7540089343609,2.5232186499302145e-05,0.06538049161693,0.065003327722333,16.127688148597,14.315285918635,-11.237830327960951,19,19,0,True,
HNN,43,base,60,17,17,True,0.6747897083405405,6.000000000000001,5.462613147873699,-8.956447535438361,55.66757624162,56.16455265702001,0.49697641540001314,2.454372247071413,1.7482141023913227,-28.77143617976804,16,11,-5,11.14198573637825,4.846467318273964,-6.295518418104287,203.177525,239.3087,17.783056959671107,2195456.0,1925120.0,-12.313432835820892,163840.0,139264.0,-15.000000000000002,0.3028095733610822,0.39438085327783556,30.240549828178676,4.651317011228462,4.629237536290297,-0.47469297157910484,-6.7542238179251,-6.7536998265593,0.0005239913657995032,0.083163844976119,0.12480010938143,57.610724317951,60.191926616336,4.48041979847269,0,0,0,True,
GEMM,44,base,60,33,33,True,0.7681715633254498,6.000000000000001,3.844634655649292,-35.92275573917848,54.93421735578005,53.08084279260004,-1.8533745631800116,2.1434761400252804,1.3300696112541894,-37.948009477796084,6,0,-6,1.8350526805555563,0.0,-1.8350526805555563,120.405,116.61670000000001,-3.1462979112163003,104448.0,60416.0,-42.15686274509803,22528.0,10240.0,-54.54545454545454,0.9202539178734378,0.9964292799047808,8.27764604440613,1.5708734939939561,1.515344355416367,-3.534921098987165,-6.7540627757353,-2.6628934372531,4.0911693384822,0.11245067850978,0.075474243691675,51.554489738666,27.112831726572,-47.40936848757654,0,0,0,True,
MPEG4,44,base,60,39,39,True,0.9381604066584259,6.000000000000001,4.131037306053756,-31.14937823243742,54.44663874680003,52.025992957400035,-2.420645789399998,1.3003837749577485,1.0637550628258994,-18.196836709958,2,0,-2,0.07168423611111063,0.0,-0.07168423611111063,122.06989999999999,121.6256,-0.36397178993347046,420000.0,336000.0,-19.999999999999996,88000.0,36000.0,-59.09090909090908,0.5670623064060744,0.7644253172884515,34.804466573210235,1.1328804365769536,1.1275443470363125,-0.4710196564753355,-6.7540105634287,-2.1744060727311,4.5796044906976,0.073143223754916,0.065482404598516,24.890988958734,12.353603000837,-50.36917568314519,0,0,0,True,
VOPD,44,base,60,30,30,True,10.26345746666193,5.0,4.407643664781135,-11.847126704377297,52.22271921261,51.447940923130034,-0.7747782894799684,0.9870939912641029,0.862188439055063,-12.653866127690838,0,0,0,0.0,0.0,0.0,89.3329,88.7368,-0.6672793562058299,1396000.0,1230000.0,-11.891117478510028,252000.0,144000.0,-42.85714285714286,0.35802469135802467,0.35802469135802467,0.0,0.7507385223064373,0.7462697670444793,-0.5952478964618813,-6.7540341665474,-6.7539966742772,3.7492270199557254e-05,0.06538049161693,0.074340400616264,16.127688148597,14.483014396293,-10.197827098033729,23,23,0,True,
HNN,44,base,60,30,30,True,1.143274790002033,6.000000000000001,5.085554701009119,-15.24075498318136,55.66757624162,55.48081585205,-0.1867603895699972,2.454372247071413,1.6481488649975016,-32.84845577258735,16,7,-9,11.14198573637825,1.987052938289144,-9.154932798089106,203.177525,238.3187,17.29579834186876,2195456.0,1548288.0,-29.47761194029851,163840.0,122880.0,-25.0,0.3028095733610822,0.5983350676378772,97.59450171821307,4.651317011228462,4.5385945057119335,-2.4234535131536394,-6.7542238179251,-6.7540895118549,0.00013430607019948582,0.083163844976119,0.07980941363957,57.610724317951,44.530863712558,-22.70386418543504,0,0,0,True,
GEMM,45,base,60,53,53,True,1.2181640716580053,6.000000000000001,3.7465646208919887,-37.557256318466855,54.93421735578005,53.13119804089001,-1.8030193148900366,2.1434761400252804,1.4062426275223399,-34.394295263498734,6,0,-6,1.8350526805555563,0.0,-1.8350526805555563,120.405,116.74459999999999,-3.04007308666584,104448.0,51200.0,-50.98039215686274,22528.0,8192.0,-63.63636363636363,0.9202539178734378,0.8059908748264233,-12.416469066609181,1.5708734939939561,1.516500416263109,-3.46132759504415,-6.7540627757353,-2.2862347418412,4.467828033894101,0.11245067850978,0.066197548398403,51.554489738666,18.094048890457,-64.90305891460231,0,0,0,True,
MPEG4,45,base,60,46,46,True,1.0735135683324188,6.000000000000001,4.049490827462077,-32.508486208965394,54.44663874680003,52.87960480218004,-1.5670339446199932,1.3003837749577485,1.0994383653775313,-15.452777360802294,2,0,-2,0.07168423611111063,0.0,-0.07168423611111063,122.06989999999999,121.6196,-0.3688870065429617,420000.0,300000.0,-28.57142857142857,88000.0,24000.0,-72.72727272727273,0.5670623064060744,0.5670623064060744,0.0,1.1328804365769536,1.1276795385642067,-0.45908622347312633,-6.7540105634287,-6.7540814039231,-7.084049439942675e-05,0.073143223754916,0.065593385955687,24.890988958734,17.806926913009,-28.4603478691403,0,0,0,True,
VOPD,45,base,60,39,39,True,15.60301498666716,5.0,4.398872014789851,-12.022559704202983,52.22271921261,51.94803907478001,-0.27468013782998923,0.9870939912641029,0.9154805350445541,-7.254978437042093,0,0,0,0.0,0.0,0.0,89.3329,87.30269999999999,-2.2726229642158757,1396000.0,1050000.0,-24.785100286532945,252000.0,124000.0,-50.79365079365079,0.35802469135802467,0.35802469135802467,0.0,0.7507385223064373,0.7378547215067333,-1.7161502196693212,-6.7540341665474,-6.7540317904848,2.3760626000068896e-06,0.06538049161693,0.065477393476489,16.127688148597,12.58434418583,-21.970563481383078,30,30,0,True,
HNN,45,base,60,27,27,True,1.003878563332061,6.000000000000001,5.373174744913506,-10.447087584774916,55.66757624162,56.47661709114004,0.809040849520045,2.454372247071413,1.8755066898106707,-23.58507589675738,16,13,-3,11.14198573637825,8.497955613563537,-2.644030122814714,203.177525,198.10459999999998,-2.4967943673888215,2195456.0,1687552.0,-23.134328358208954,163840.0,131072.0,-19.999999999999996,0.3028095733610822,0.32362122788761705,6.872852233676974,4.651317011228462,4.552326359540738,-2.1282284447341815,-6.7542238179251,-6.7540539290101,0.0001698889149999161,0.083163844976119,0.10052903129625,57.610724317951,49.488247811325,-14.098896694647356,0,0,0,True,
GEMM,46,base,60,51,51,True,1.1791095400073877,6.000000000000001,3.741650923084499,-37.639151281925024,54.93421735578005,52.72885150614002,-2.2053658496400317,2.1434761400252804,1.363760546452741,-36.37621987074432,6,0,-6,1.8350526805555563,0.0,-1.8350526805555563,120.405,116.7947,-2.998463518956851,104448.0,65536.0,-37.254901960784316,22528.0,8192.0,-63.63636363636363,0.9202539178734378,0.8059908748264233,-12.416469066609181,1.5708734939939561,1.5165172339048945,-3.460257003309708,-6.7540627757353,-2.268290771122,4.485772004613301,0.11245067850978,0.067783324892153,51.554489738666,31.409501951615,-39.07513756642268,0,0,0,True,
MPEG4,46,base,60,35,35,True,0.818036911667635,6.000000000000001,4.016261600531964,-33.06230665780061,54.44663874680003,52.290550164980004,-2.156088581820029,1.3003837749577485,1.0784628192320467,-17.06580472621726,2,0,-2,0.07168423611111063,0.0,-0.07168423611111063,122.06989999999999,121.5216,-0.44916887783146286,420000.0,300000.0,-28.57142857142857,88000.0,24000.0,-72.72727272727273,0.5670623064060744,0.6986376469943258,23.202977715473505,1.1328804365769536,1.1272591879990506,-0.49619080676225336,-6.7540105634287,-6.7540490978102,-3.853438149992172e-05,0.073143223754916,0.065696596845746,24.890988958734,16.893735227488,-32.12911204333583,0,0,0,True,
VOPD,46,base,60,27,27,True,11.273162304998065,5.0,4.446714704298548,-11.065705914029033,52.22271921261,52.275004732920024,0.05228552031002209,0.9870939912641029,0.9217627782721624,-6.61854023731574,0,0,0,0.0,0.0,0.0,89.3329,87.7029,-1.8246357165165317,1396000.0,924000.0,-33.810888252149,252000.0,78000.0,-69.04761904761905,0.35802469135802467,0.6323731138545954,76.62835249042148,0.7507385223064373,0.7400433229376454,-1.4246237606049483,-6.7540341665474,-6.7540413510117,-7.184464299925253e-06,0.06538049161693,0.065482870965386,16.127688148597,12.189541048313,-24.418546936168227,21,21,0,True,
HNN,46,base,60,60,60,False,2.2611870816598336,6.000000000000001,4.982882635915508,-16.95195606807488,55.66757624162,56.14919799997,0.481621758350002,2.454372247071413,1.614644765235826,-34.21353394284669,16,9,-7,11.14198573637825,4.01606118536325,-7.125924551015001,203.177525,220.1926,8.374486794245573,2195456.0,1671168.0,-23.880597014925375,163840.0,106496.0,-35.0,0.3028095733610822,0.38189386056191466,26.116838487972505,4.651317011228462,4.520959952843556,-2.802583828842875,-6.7542238179251,-6.7539956427788,0.00022817514630002478,0.083163844976119,0.083180281906123,57.610724317951,46.942084069016,-18.51849699034377,0,0,0,True,
GEMM,47,base,60,55,55,True,1.2514717049896718,6.000000000000001,3.8192535762656448,-36.345773728905925,54.93421735578005,53.23242899570005,-1.701788360080002,2.1434761400252804,1.3883834265550827,-35.227483962629606,6,0,-6,1.8350526805555563,0.0,-1.8350526805555563,120.405,116.76089999999999,-3.026535442880285,104448.0,69632.0,-33.333333333333336,22528.0,8192.0,-63.63636363636363,0.9202539178734378,0.8059908748264233,-12.416469066609181,1.5708734939939561,1.5167518392859631,-3.445322294565445,-6.7540627757353,-2.2420365966913,4.512026179044,0.11245067850978,0.065912856775962,51.554489738666,30.504437635727,-40.83068654086863,0,0,0,True,
MPEG4,47,base,60,58,58,True,1.3554000983325143,6.000000000000001,4.083388623951365,-31.94352293414393,54.44663874680003,51.89987704372004,-2.5467617030799943,1.3003837749577485,1.0272632400600779,-21.0030715668184,2,0,-2,0.07168423611111063,0.0,-0.07168423611111063,122.06989999999999,121.77759999999999,-0.23945296915947045,420000.0,304000.0,-27.61904761904762,88000.0,32000.0,-63.63636363636363,0.5670623064060744,0.9179298813080782,61.87460724126264,1.1328804365769536,1.128504756548051,-0.38624376303326713,-6.7540105634287,-2.5778788435822,4.1761317198465004,0.073143223754916,0.074442907791988,24.890988958734,13.351783649047,-46.358966808500426,0,0,0,True,
VOPD,47,base,60,50,50,True,19.464161368335287,5.0,4.473743433386786,-10.525131332264282,52.22271921261,52.202270997460005,-0.020448215149997395,0.9870939912641029,0.9350136422126879,-5.276128667820101,0,0,0,0.0,0.0,0.0,89.3329,87.3008,-2.2747498402044486,1396000.0,1080000.0,-22.636103151862464,252000.0,128000.0,-49.20634920634921,0.35802469135802467,0.35802469135802467,0.0,0.7507385223064373,0.7381586547046212,-1.6756656582864626,-6.7540341665474,-6.7540236708831,1.0495664299448038e-05,0.06538049161693,0.065673448420098,16.127688148597,12.694695199553,-21.28633017586372,41,41,0,True,
HNN,47,base,60,28,28,True,1.0681730616682519,6.000000000000001,5.038941886660901,-16.01763522231834,55.66757624162,55.43997479507004,-0.2276014465499543,2.454372247071413,1.664449978530488,-32.184289464789614,16,5,-11,11.14198573637825,1.3007407868589813,-9.84124494951927,203.177525,238.1106,17.193375596045858,2195456.0,1736704.0,-20.895522388059707,163840.0,131072.0,-19.999999999999996,0.3028095733610822,0.5775234131113424,90.72164948453607,4.651317011228462,4.500074509431657,-3.2516059737854763,-6.7542238179251,-6.7536998265593,0.0005239913657995032,0.083163844976119,0.16496224496494,57.610724317951,41.50314569542,-27.959340579774683,0,0,0,True,
GEMM,48,base,60,60,60,False,1.3794428683351725,6.000000000000001,3.7259784989639666,-37.90035835060056,54.93421735578005,52.920489494440005,-2.013727861340044,2.1434761400252804,1.3334026497899885,-37.7925125971189,6,0,-6,1.8350526805555563,0.0,-1.8350526805555563,120.405,116.6966,-3.0799385407582758,104448.0,60416.0,-42.15686274509803,22528.0,8192.0,-63.63636363636363,0.9202539178734378,0.8059908748264233,-12.416469066609181,1.5708734939939561,1.5158428528834058,-3.5031873235466415,-6.7540627757353,-2.2445591141785,4.5095036615568,0.11245067850978,0.065929048744281,51.554489738666,17.210179950116,-66.61749531931005,0,0,0,True,
MPEG4,48,base,60,26,26,True,0.6095595866596947,6.000000000000001,4.188175475521553,-30.19707540797413,54.44663874680003,52.757701079560036,-1.6889376672399976,1.3003837749577485,1.113916048654285,-14.339438087000289,2,0,-2,0.07168423611111063,0.0,-0.07168423611111063,122.06989999999999,121.3202,-0.6141563153570173,420000.0,296000.0,-29.52380952380952,88000.0,28000.0,-68.18181818181819,0.5670623064060744,0.8960006578767029,58.007444288683715,1.1328804365769536,1.1262643335165439,-0.584007177350554,-6.7540105634287,-2.1664294461914,4.5875811172373,0.073143223754916,0.065432060600127,24.890988958734,20.624985355237,-17.138746919897287,0,0,0,True,
VOPD,48,base,60,48,48,True,12.445215331669896,5.0,4.3470398343814445,-13.059203312371114,52.22271921261,52.34654406093,0.12382484831999818,0.9870939912641029,0.9659049869487715,-2.1466045283282664,0,0,0,0.0,0.0,0.0,89.3329,87.3487,-2.2211301771239977,1396000.0,1000000.0,-28.36676217765043,252000.0,72000.0,-71.42857142857143,0.35802469135802467,0.35802469135802467,0.0,0.7507385223064373,0.7379499787168916,-1.7034617526028195,-6.7540341665474,-6.7540294949848,4.6715625998672294e-06,0.06538049161693,0.065467515905529,16.127688148597,13.50319899002,-16.273188905908455,27,27,0,True,
HNN,48,base,60,46,46,True,1.7692585999922206,6.000000000000001,4.878621881488557,-18.689635308524068,55.66757624162,54.83583567473005,-0.8317405668899482,2.454372247071413,1.6381491854504802,-33.2558788747249,16,2,-14,11.14198573637825,0.39769316666666665,-10.744292569711584,203.177525,232.7646,14.562179059913237,2195456.0,1622016.0,-26.119402985074625,163840.0,131072.0,-19.999999999999996,0.3028095733610822,0.7502601456815817,147.766323024055,4.651317011228462,4.410111203904614,-5.185752911305929,-6.7542238179251,-6.7541365559721,8.726195299946227e-05,0.083163844976119,0.18469713466145,57.610724317951,43.13944817895,-25.119066476468298,0,0,0,True,
GEMM,49,base,60,60,60,False,1.3653663100053868,6.000000000000001,3.7786313870473434,-37.02281021587762,54.93421735578005,53.01589468322004,-1.9183226725600093,2.1434761400252804,1.3411140195986384,-37.43275259491243,6,0,-6,1.8350526805555563,0.0,-1.8350526805555563,120.405,116.71260000000001,-3.0666500560607934,104448.0,70656.0,-32.35294117647059,22528.0,8192.0,-63.63636363636363,0.9202539178734378,0.8059908748264233,-12.416469066609181,1.5708734939939561,1.5160830251470978,-3.487898233456932,-6.7540627757353,-2.2605666955395,4.493496080195801,0.11245067850978,0.066031899910132,51.554489738666,21.540389263259,-58.21820878753912,0,0,0,True,
MPEG4,49,base,60,31,31,True,0.7270839366596192,6.000000000000001,4.188954448764773,-30.184092520587136,54.44663874680003,52.293796117700026,-2.1528426291000073,1.3003837749577485,1.0494445477996053,-19.297320682603612,2,0,-2,0.07168423611111063,0.0,-0.07168423611111063,122.06989999999999,121.56960000000001,-0.40984714495546637,420000.0,352000.0,-16.19047619047619,88000.0,48000.0,-45.45454545454546,0.5670623064060744,0.5670623064060744,0.0,1.1328804365769536,1.127634381509737,-0.46307226233580634,-6.7540105634287,-6.7540378894887,-2.7326059999666086e-05,0.073143223754916,0.069127836241909,24.890988958734,16.893665980972,-32.12939024247093,0,0,0,True,
VOPD,49,base,60,48,48,True,10.718673165002837,5.0,4.2209760937638094,-15.580478124723808,52.22271921261,51.49230886724001,-0.7304103453699895,0.9870939912641029,0.8656095550600199,-12.307281503001178,0,0,0,0.0,0.0,0.0,89.3329,89.3848,0.05809729674062236,1396000.0,1146000.0,-17.90830945558739,252000.0,78000.0,-69.04761904761905,0.35802469135802467,0.35802469135802467,0.0,0.7507385223064373,0.7499053430444169,-0.11098128539624996,-6.7540341665474,-6.7540060645612,2.8101986199402518e-05,0.06538049161693,0.065491058455945,16.127688148597,9.6754546431195,-40.007181723927374,23,23,0,True,
HNN,49,base,60,28,28,True,1.0692090066770712,6.000000000000001,5.327389471999339,-11.210175466677697,55.66757624162,56.88350197092001,1.215925729300011,2.454372247071413,1.8051743860009912,-26.450668265380383,16,11,-5,11.14198573637825,4.9939487059295145,-6.148037030448736,203.177525,222.36860000000001,9.445471392566663,2195456.0,1720320.0,-21.641791044776117,163840.0,131072.0,-19.999999999999996,0.3028095733610822,0.31321540062434966,3.436426116838498,4.651317011228462,4.5813381171139955,-1.504496338252903,-6.7542238179251,-6.7539958751334,0.00022794279169957576,0.083163844976119,0.12059344265245,57.610724317951,44.153118152764,-23.35955036932893,0,0,0,True,
