workload,generation,best_fitness,avg_fitness,worst_fitness,best_tmax_C,best_sigma_K,best_hot_pe,best_makespan_us,best_energy_mJ
GEMM,1,4.3327180135838725,11.397419680923976,37.95497381351124,53.719085780570026,1.9601029181652136,0,115.96289999999999,1.5156621009539772
GEMM,2,4.3327180135838725,11.408106215607585,37.80118058203354,53.719085780570026,1.9601029181652136,0,115.96289999999999,1.5156621009539772
GEMM,3,4.276786032046298,9.40286885393189,37.17349920188826,53.719085780570026,1.958197879480948,0,115.95490000000001,1.5159081363134568
GEMM,4,4.276786032046298,10.629249619479817,37.14158391002866,53.719085780570026,1.958197879480948,0,115.95490000000001,1.5159081363134568
GEMM,5,4.276786032046298,7.954941478460953,37.336035759991994,53.719085780570026,1.958197879480948,0,115.95490000000001,1.5159081363134568
GEMM,6,4.150326599480217,8.535512659373731,37.00220308132085,53.33622926267003,1.9455507544755721,0,116.0829,1.5161570145756307
GEMM,7,4.126769744435763,6.495789249060066,37.19409888117384,53.49970122793002,1.98436951744424,0,115.9388,1.5164912101265575
GEMM,8,4.126769744435763,8.402600841890242,36.75283279885545,53.49970122793002,1.98436951744424,0,115.9388,1.5164912101265575
GEMM,9,4.124040183721118,6.367634348523364,36.94311747476022,53.630364110190044,1.939422806149114,0,115.8907,1.5149596163704055
GEMM,10,4.06876737009067,4.389985871704587,5.50511983824489,53.29958827394,1.956054578641974,0,115.9868,1.5158040562206894
GEMM,11,4.06876737009067,5.67153986208256,36.85618981969229,53.29958827394,1.956054578641974,0,115.9868,1.5158040562206894
GEMM,12,4.06876737009067,6.293048479743923,36.74288090294704,53.29958827394,1.956054578641974,0,115.9868,1.5158040562206894
GEMM,13,4.06876737009067,7.610696844997319,36.84672271867587,53.29958827394,1.956054578641974,0,115.9868,1.5158040562206894
GEMM,14,4.06876737009067,6.969989611854037,37.168290994023984,53.29958827394,1.956054578641974,0,115.9868,1.5158040562206894
GEMM,15,4.024100114504603,6.91969276962359,36.77772923583469,53.29958827394,1.936688133341285,0,115.9868,1.5156379887811664
GEMM,16,4.024100114504603,7.550415866557189,36.73135364459439,53.29958827394,1.936688133341285,0,115.9868,1.5156379887811664
GEMM,17,4.024100114504603,5.604170240248366,37.062413255598756,53.29958827394,1.936688133341285,0,115.9868,1.5156379887811664
GEMM,18,4.024100114504603,5.539507840120553,37.209025898360736,53.29958827394,1.936688133341285,0,115.9868,1.5156379887811664
GEMM,19,4.024100114504603,6.250381697587743,37.11020605728983,53.29958827394,1.936688133341285,0,115.9868,1.5156379887811664
GEMM,20,4.024100114504603,6.253233767201994,36.70601861537244,53.29958827394,1.936688133341285,0,115.9868,1.5156379887811664
GEMM,21,4.008714510363217,5.543686028231457,36.5561984126781,53.29955118211001,1.9204070640163078,0,115.8908,1.515005503619302
GEMM,22,4.008714510363217,8.065539501040414,36.9365695695738,53.29955118211001,1.9204070640163078,0,115.8908,1.515005503619302
GEMM,23,4.008714510363217,5.59111795204221,36.82144021341904,53.29955118211001,1.9204070640163078,0,115.8908,1.515005503619302
GEMM,24,4.008714510363217,4.937418355015768,36.490533834267296,53.29955118211001,1.9204070640163078,0,115.8908,1.515005503619302
GEMM,25,4.008714510363217,4.99797396062587,36.53069604978223,53.29955118211001,1.9204070640163078,0,115.8908,1.515005503619302
GEMM,26,4.008714510363217,4.882061722812427,36.50029852426867,53.29955118211001,1.9204070640163078,0,115.8908,1.515005503619302
GEMM,27,3.978109180252875,6.141286892334421,36.55378535772984,53.11644905830002,1.8896223115871227,0,115.8908,1.5147747262947997
GEMM,28,3.978109180252875,7.390143650397435,36.843139780456724,53.11644905830002,1.8896223115871227,0,115.8908,1.5147747262947997
GEMM,29,3.978109180252875,6.151468993823041,36.6759694191487,53.11644905830002,1.8896223115871227,0,115.8908,1.5147747262947997
GEMM,30,3.978109180252875,7.579573278598382,37.065662782487934,53.11644905830002,1.8896223115871227,0,115.8908,1.5147747262947997
GEMM,31,3.978109180252875,6.867357105707905,36.79456653800647,53.11644905830002,1.8896223115871227,0,115.8908,1.5147747262947997
GEMM,32,3.978109180252875,4.929323029175879,36.725316749801664,53.11644905830002,1.8896223115871227,0,115.8908,1.5147747262947997
GEMM,33,3.9391662991601883,6.174474869267804,36.566392762532956,52.869480496920005,1.8556762582414101,0,116.0188,1.515279304940345
GEMM,34,3.9391662991601883,4.84694328220636,36.44915664311257,52.869480496920005,1.8556762582414101,0,116.0188,1.515279304940345
GEMM,35,3.9391662991601883,6.827432238463413,36.60808988730061,52.869480496920005,1.8556762582414101,0,116.0188,1.515279304940345
GEMM,36,3.9391662991601883,6.822997834851618,36.92193860899227,52.869480496920005,1.8556762582414101,0,116.0188,1.515279304940345
GEMM,37,3.9391662991601883,6.136481806907728,36.46003797594725,52.869480496920005,1.8556762582414101,0,116.0188,1.515279304940345
GEMM,38,3.9391662991601883,5.478118232550938,36.97906617053496,52.869480496920005,1.8556762582414101,0,116.0188,1.515279304940345
GEMM,39,3.9391662991601883,5.458871831310543,36.51849161425098,52.869480496920005,1.8556762582414101,0,116.0188,1.515279304940345
GEMM,40,3.9391662991601883,8.086455118102483,37.19675928188331,52.869480496920005,1.8556762582414101,0,116.0188,1.515279304940345
GEMM,41,3.9391662991601883,4.854006096974003,36.381382603951685,52.869480496920005,1.8556762582414101,0,116.0188,1.515279304940345
GEMM,42,3.9245147650431265,5.494791270800744,36.53329873285803,52.869480496920005,1.8399544103069623,0,115.9707,1.5147438491403677
GEMM,43,3.9245147650431265,5.50987228593058,36.569685431578996,52.869480496920005,1.8399544103069623,0,115.9707,1.5147438491403677
GEMM,44,3.9245147650431265,4.912271170104269,36.58400177735237,52.869480496920005,1.8399544103069623,0,115.9707,1.5147438491403677
GEMM,45,3.9245147650431265,6.131740759110175,36.472389926705056,52.869480496920005,1.8399544103069623,0,115.9707,1.5147438491403677
GEMM,46,3.9245147650431265,5.507628067685365,36.43323735906053,52.869480496920005,1.8399544103069623,0,115.9707,1.5147438491403677
GEMM,47,3.9245147650431265,5.512687828696056,36.52743616699196,52.869480496920005,1.8399544103069623,0,115.9707,1.5147438491403677
GEMM,48,3.9245147650431265,6.159583803484571,36.714473842910564,52.869480496920005,1.8399544103069623,0,115.9707,1.5147438491403677
GEMM,49,3.9245147650431265,8.719037559641349,36.63596707620019,52.869480496920005,1.8399544103069623,0,115.9707,1.5147438491403677
GEMM,50,3.9245147650431265,6.9275275717110265,36.81815552354792,52.869480496920005,1.8399544103069623,0,115.9707,1.5147438491403677
GEMM,51,3.9245147650431265,4.903505533454668,36.82868882742756,52.869480496920005,1.8399544103069623,0,115.9707,1.5147438491403677
GEMM,52,3.9245147650431265,7.485098447002667,37.074269762227985,52.869480496920005,1.8399544103069623,0,115.9707,1.5147438491403677
HNN,1,6.15497491655659,11.026007586222036,15.977402065397243,57.558833463260044,2.9399983671060856,12,228.5308,4.681626946967963
HNN,2,5.879581736948251,9.202409337898114,15.911576214811937,57.49688868930002,2.966941840181752,14,200.8186,4.603915074830459
HNN,3,5.780265259921687,9.215467702491823,15.909321073012315,56.259300224469996,2.790558589798642,13,208.0827,4.571049304249592
HNN,4,5.658904836507464,8.922121310034054,16.02264031909389,56.60016795556004,2.2056247032801455,6,249.3708,4.55500182936175
HNN,5,5.624188811229388,8.71368045016522,15.727984283064036,56.97641562268001,2.526518200413245,11,227.02679999999998,4.539692104633701
HNN,6,5.624188811229388,8.564261148429793,15.970644424291432,56.97641562268001,2.526518200413245,11,227.02679999999998,4.539692104633701
HNN,7,5.624188811229388,8.366674675819754,15.670990859315788,56.97641562268001,2.526518200413245,11,227.02679999999998,4.539692104633701
HNN,8,5.462523384195326,8.26589621446375,15.749154115871182,56.05203137373002,2.464370157399985,12,221.4747,4.481259866344722
HNN,9,5.462523384195326,7.71926060813448,15.684416847835482,56.05203137373002,2.464370157399985,12,221.4747,4.481259866344722
HNN,10,5.462523384195326,7.804234875378114,15.680265391245456,56.05203137373002,2.464370157399985,12,221.4747,4.481259866344722
HNN,11,5.403426565748798,8.134994334876609,15.805800428126233,55.23064381003002,2.232433316768829,6,261.3546,4.5899971046649535
HNN,12,5.403426565748798,6.855171569401466,15.349460276171538,55.23064381003002,2.232433316768829,6,261.3546,4.5899971046649535
HNN,13,5.403426565748798,7.230432812944231,15.799785985253116,55.23064381003002,2.232433316768829,6,261.3546,4.5899971046649535
HNN,14,5.403426565748798,7.15522542601202,15.603067597536352,55.23064381003002,2.232433316768829,6,261.3546,4.5899971046649535
HNN,15,5.403426565748798,7.182456626627495,15.750366487803236,55.23064381003002,2.232433316768829,6,261.3546,4.5899971046649535
HNN,16,5.403426565748798,8.407207478287946,15.787983681874488,55.23064381003002,2.232433316768829,6,261.3546,4.5899971046649535
HNN,17,5.325523368161896,7.850349619753513,15.53736857332285,55.07977432414003,2.137553479475935,6,261.5546,4.5801206458126895
HNN,18,5.325523368161896,7.505610721944388,15.786009347869966,55.07977432414003,2.137553479475935,6,261.5546,4.5801206458126895
HNN,19,5.325523368161896,7.441739640421658,15.145159913913295,55.07977432414003,2.137553479475935,6,261.5546,4.5801206458126895
HNN,20,5.325523368161896,7.512919288486702,15.882320290698528,55.07977432414003,2.137553479475935,6,261.5546,4.5801206458126895
HNN,21,5.325523368161896,7.227934958313878,15.516807919814612,55.07977432414003,2.137553479475935,6,261.5546,4.5801206458126895
HNN,22,5.325523368161896,7.267964740764773,15.387898857433056,55.07977432414003,2.137553479475935,6,261.5546,4.5801206458126895
HNN,23,5.325523368161896,8.558278977467172,15.706309870016094,55.07977432414003,2.137553479475935,6,261.5546,4.5801206458126895
HNN,24,5.325523368161896,7.504976000521761,15.516560063669482,55.07977432414003,2.137553479475935,6,261.5546,4.5801206458126895
HNN,25,5.325523368161896,8.746854091063758,15.347140733248331,55.07977432414003,2.137553479475935,6,261.5546,4.5801206458126895
HNN,26,5.181464843294304,7.859761188713657,15.6715182950044,55.12913487757004,2.134607946943188,6,261.05859999999996,4.5713994692917765
HNN,27,5.181464843294304,7.385961643002255,15.519336859648252,55.12913487757004,2.134607946943188,6,261.05859999999996,4.5713994692917765
HNN,28,5.181464843294304,7.952409448254879,15.316050944151684,55.12913487757004,2.134607946943188,6,261.05859999999996,4.5713994692917765
HNN,29,5.181464843294304,7.276172904009953,15.739788693432832,55.12913487757004,2.134607946943188,6,261.05859999999996,4.5713994692917765
HNN,30,5.181464843294304,6.584379616556682,14.959922162147855,55.12913487757004,2.134607946943188,6,261.05859999999996,4.5713994692917765
HNN,31,5.135190285800978,6.652964211971246,15.157065536103861,55.20061089639,2.129945580729957,5,261.05859999999996,4.568066228716503
HNN,32,5.135190285800978,8.247686974899151,15.51358549545479,55.20061089639,2.129945580729957,5,261.05859999999996,4.568066228716503
HNN,33,5.135190285800978,7.991449020295192,15.705609219051986,55.20061089639,2.129945580729957,5,261.05859999999996,4.568066228716503
HNN,34,5.135190285800978,6.859767882967711,15.422087661827334,55.20061089639,2.129945580729957,5,261.05859999999996,4.568066228716503
HNN,35,5.135190285800978,7.3942127621088956,15.493355148503099,55.20061089639,2.129945580729957,5,261.05859999999996,4.568066228716503
HNN,36,5.135190285800978,7.012144087297298,15.288778167890502,55.20061089639,2.129945580729957,5,261.05859999999996,4.568066228716503
HNN,37,5.115848354518018,6.593465174439086,15.104607176800721,55.12913487757004,2.061858505118848,4,264.6907,4.582881367541026
HNN,38,5.115848354518018,6.807376987145449,15.38601001328169,55.12913487757004,2.061858505118848,4,264.6907,4.582881367541026
HNN,39,5.115848354518018,7.268157997082817,15.68750313977631,55.12913487757004,2.061858505118848,4,264.6907,4.582881367541026
HNN,40,5.115848354518018,7.755025259432842,15.378002335176845,55.12913487757004,2.061858505118848,4,264.6907,4.582881367541026
HNN,41,5.115848354518018,6.886872482531366,15.532011703766702,55.12913487757004,2.061858505118848,4,264.6907,4.582881367541026
HNN,42,5.115848354518018,5.9604042498558805,14.876341779819409,55.12913487757004,2.061858505118848,4,264.6907,4.582881367541026
HNN,43,5.115848354518018,6.869451739669555,15.067843844981097,55.12913487757004,2.061858505118848,4,264.6907,4.582881367541026
HNN,44,5.115848354518018,7.791041876150691,15.489747915170554,55.12913487757004,2.061858505118848,4,264.6907,4.582881367541026
HNN,45,5.115848354518018,6.48404620045603,15.10777014346747,55.12913487757004,2.061858505118848,4,264.6907,4.582881367541026
HNN,46,5.115848354518018,6.20818492220527,14.743008858584286,55.12913487757004,2.061858505118848,4,264.6907,4.582881367541026
HNN,47,5.115848354518018,6.736524416441437,15.345611868699926,55.12913487757004,2.061858505118848,4,264.6907,4.582881367541026
MPEG4,1,4.688732955131044,16.94991622629434,50.5783755726401,52.86469798568004,1.4230220599745822,0,105.0718,1.0428003707213558
MPEG4,2,4.587774135059386,15.042808938065388,50.618709459134315,52.69338680196,1.3436888916124239,0,105.02380000000001,1.042048437186869
MPEG4,3,4.587774135059386,14.027420998585546,50.815422454747036,52.69338680196,1.3436888916124239,0,105.02380000000001,1.042048437186869
MPEG4,4,4.442583726074119,15.794737974186612,50.60373982011284,52.73439984359004,1.3397137242666255,0,104.2577,1.0376951577165985
MPEG4,5,4.442583726074119,14.013247361736138,50.28477775184131,52.73439984359004,1.3397137242666255,0,104.2577,1.0376951577165985
MPEG4,6,4.442583726074119,8.622573219703147,50.683712440881415,52.73439984359004,1.3397137242666255,0,104.2577,1.0376951577165985
MPEG4,7,4.363360783267024,13.097770458731624,50.32311590558523,52.25444994073001,1.3247288198751113,0,104.6007,1.0397429358236614
MPEG4,8,4.297383686560358,17.48111690613414,50.352003025132106,51.99209403486003,1.3165430816638557,0,104.6007,1.0397492853123926
MPEG4,9,4.164481170624154,13.748127900960293,50.182613858346336,52.72452615868002,1.3253718461484076,0,116.33659999999999,1.1054890206636525
MPEG4,10,4.164481170624154,11.079096150073113,50.900386642773675,52.72452615868002,1.3253718461484076,0,116.33659999999999,1.1054890206636525
MPEG4,11,4.164481170624154,7.334749095214869,50.46747639772007,52.72452615868002,1.3253718461484076,0,116.33659999999999,1.1054890206636525
MPEG4,12,4.163620341443692,7.239391371652817,49.99462818394587,52.72452615542005,1.3240810876354019,0,116.33659999999999,1.105437127740969
MPEG4,13,4.034964006318804,4.547647572695667,5.407692304133074,52.73028011624001,1.4590240422901974,0,90.92060000000001,0.9693036009290962
MPEG4,14,4.034964006318804,10.075149838611877,50.50233336913559,52.73028011624001,1.4590240422901974,0,90.92060000000001,0.9693036009290962
MPEG4,15,4.034964006318804,9.088809732504336,50.723184208385064,52.73028011624001,1.4590240422901974,0,90.92060000000001,0.9693036009290962
MPEG4,16,4.034964006318804,9.927533959853983,50.81863063551428,52.73028011624001,1.4590240422901974,0,90.92060000000001,0.9693036009290962
MPEG4,17,4.034964006318804,6.374409745580801,49.71622212743114,52.73028011624001,1.4590240422901974,0,90.92060000000001,0.9693036009290962
MPEG4,18,4.034964006318804,7.132000427176166,49.92051601694936,52.73028011624001,1.4590240422901974,0,90.92060000000001,0.9693036009290962
MPEG4,19,4.034964006318804,4.39867952063831,5.195915223973693,52.73028011624001,1.4590240422901974,0,90.92060000000001,0.9693036009290962
MPEG4,20,4.034964006318804,5.3716891000726,49.42917178967706,52.73028011624001,1.4590240422901974,0,90.92060000000001,0.9693036009290962
MPEG4,21,4.034964006318804,7.913776743209453,49.76539902157869,52.73028011624001,1.4590240422901974,0,90.92060000000001,0.9693036009290962
MPEG4,22,4.034964006318804,7.9652772146985535,50.072739106532595,52.73028011624001,1.4590240422901974,0,90.92060000000001,0.9693036009290962
MPEG4,23,4.034964006318804,7.018721678962297,49.703665492681026,52.73028011624001,1.4590240422901974,0,90.92060000000001,0.9693036009290962
VOPD,1,4.9871445566264505,26.40375333957814,75.9577310447756,52.94987962625004,1.6135947491431852,0,45.3628,0.5205135888557993
VOPD,2,4.636436695066889,16.449930988760684,75.28620841416418,53.46892877429002,1.5204744062901785,0,52.2906,0.5500489449410636
VOPD,3,4.636436695066889,13.562578449394438,75.28403681258645,53.46892877429002,1.5204744062901785,0,52.2906,0.5500489449410636
VOPD,4,4.5942035397573004,12.102889553076823,75.49385410227362,53.512883585249995,1.4649307295369534,0,52.2906,0.5498963357315524
VOPD,5,4.473926356824217,6.430560670095604,74.86151324803645,52.50498829789001,1.3413099703238187,0,56.4509,0.581341600398069
VOPD,6,4.473926356824217,10.48628483095405,75.46367916084031,52.50498829789001,1.3413099703238187,0,56.4509,0.581341600398069
VOPD,7,4.473926356824217,11.810343511377114,75.06958069375423,52.50498829789001,1.3413099703238187,0,56.4509,0.581341600398069
VOPD,8,4.404007438605501,13.16969199281064,74.83896492124018,52.50593642705002,1.346026252672746,0,56.5469,0.582087586438629
VOPD,9,4.404007438605501,13.20088416843372,74.97280237711264,52.50593642705002,1.346026252672746,0,56.5469,0.582087586438629
VOPD,10,4.358869268603637,6.112357317882767,74.70993106829232,52.438322167150034,1.2852132115422734,0,55.482899999999994,0.5763535323196481
VOPD,11,4.34507284725161,15.900760998150695,74.84100515876321,52.268246589290015,1.3116813239286813,0,56.4829,0.5818017697608425
VOPD,12,4.34507284725161,8.983060299242778,74.9283049135062,52.268246589290015,1.3116813239286813,0,56.4829,0.5818017697608425
VOPD,13,4.34507284725161,10.306654372807166,74.5430777113748,52.268246589290015,1.3116813239286813,0,56.4829,0.5818017697608425
VOPD,14,4.246943120441819,14.471218939081359,74.92389675686536,52.35743554548003,1.3066675680302775,0,54.466699999999996,0.5710266637259541
VOPD,15,4.246943120441819,10.27193491818414,74.40879244765613,52.35743554548003,1.3066675680302775,0,54.466699999999996,0.5710266637259541
VOPD,16,4.23083945400006,10.242667801244227,74.66684048753281,52.34425100888001,1.2993192612287607,0,53.4667,0.5613501071857252
VOPD,17,4.23083945400006,7.425019716183388,74.76211718600264,52.34425100888001,1.2993192612287607,0,53.4667,0.5613501071857252
VOPD,18,4.23083945400006,7.418023489119783,74.4327413995122,52.34425100888001,1.2993192612287607,0,53.4667,0.5613501071857252
VOPD,19,4.23083945400006,11.646430705846553,74.82264511154014,52.34425100888001,1.2993192612287607,0,53.4667,0.5613501071857252
VOPD,20,4.23083945400006,6.0390942794613895,74.43959348712886,52.34425100888001,1.2993192612287607,0,53.4667,0.5613501071857252
VOPD,21,4.23083945400006,7.42405840179031,74.68007838926854,52.34425100888001,1.2993192612287607,0,53.4667,0.5613501071857252
VOPD,22,4.23083945400006,7.399966003806356,75.19513535355296,52.34425100888001,1.2993192612287607,0,53.4667,0.5613501071857252
VOPD,23,4.23083945400006,10.217936965080671,74.79672631245784,52.34425100888001,1.2993192612287607,0,53.4667,0.5613501071857252
VOPD,24,4.09396514115717,7.392670885718353,75.30398837111488,52.30898108601002,1.3674645472520004,0,42.3467,0.500339489522723
VOPD,25,4.09396514115717,8.709495097323503,74.5919936221792,52.30898108601002,1.3674645472520004,0,42.3467,0.500339489522723
VOPD,26,4.09396514115717,7.333113022948112,74.47192165266289,52.30898108601002,1.3674645472520004,0,42.3467,0.500339489522723
VOPD,27,4.09396514115717,8.73094636484675,74.45101145391912,52.30898108601002,1.3674645472520004,0,42.3467,0.500339489522723
VOPD,28,4.09396514115717,5.916404295382813,75.1963259961776,52.30898108601002,1.3674645472520004,0,42.3467,0.500339489522723
VOPD,29,4.09396514115717,5.965966235746526,74.52269808079916,52.30898108601002,1.3674645472520004,0,42.3467,0.500339489522723
VOPD,30,4.09396514115717,7.302633245679005,74.478634102744,52.30898108601002,1.3674645472520004,0,42.3467,0.500339489522723
VOPD,31,4.09396514115717,7.3549695560402935,74.41744351104963,52.30898108601002,1.3674645472520004,0,42.3467,0.500339489522723
VOPD,32,4.09396514115717,7.301382197804,74.65010945760167,52.30898108601002,1.3674645472520004,0,42.3467,0.500339489522723
VOPD,33,4.09396514115717,5.939395100512547,74.605402169717,52.30898108601002,1.3674645472520004,0,42.3467,0.500339489522723
VOPD,34,4.09396514115717,8.720093082639947,74.66314860988294,52.30898108601002,1.3674645472520004,0,42.3467,0.500339489522723
