comparison_type,workload,method,ablation,n,valid_count,seeds,full_score_mean,full_score_std,full_score_ci95_half,full_score_min,full_score_max,full_score_delta_mean,full_score_delta_std,full_score_delta_ci95_half,full_score_delta_min,full_score_delta_max,full_score_relative_change_pct_mean,full_score_relative_change_pct_std,full_score_relative_change_pct_ci95_half,full_score_relative_change_pct_min,full_score_relative_change_pct_max
external_baseline,GEMM,CommAware-Heuristic,,1,1,,8.166037408710636,0.0,0.0,8.166037408710636,8.166037408710636,2.1660374087106353,0.0,0.0,2.1660374087106353,2.1660374087106353,36.10062347851057,0.0,0.0,36.10062347851057,36.10062347851057
external_baseline,GEMM,RandomBest,,1,1,348,4.046569270796039,0.0,0.0,4.046569270796039,4.046569270796039,-1.953430729203962,0.0,0.0,-1.953430729203962,-1.953430729203962,-32.557178820066035,0.0,0.0,-32.557178820066035,-32.557178820066035
external_baseline,GEMM,RandomMedian,,1,1,2153,5.226566314496941,0.0,0.0,5.226566314496941,5.226566314496941,-0.7734336855030595,0.0,0.0,-0.7734336855030595,-0.7734336855030595,-12.890561425050983,0.0,0.0,-12.890561425050983,-12.890561425050983
external_baseline,GEMM,RandomP10,,1,1,2529,4.660018161066887,0.0,0.0,4.660018161066887,4.660018161066887,-1.339981838933114,0.0,0.0,-1.339981838933114,-1.339981838933114,-22.333030648885234,0.0,0.0,-22.333030648885234,-22.333030648885234
external_baseline,GEMM,RandomP90,,1,1,2490,5.912984938610217,0.0,0.0,5.912984938610217,5.912984938610217,-0.08701506138978399,0.0,0.0,-0.08701506138978399,-0.08701506138978399,-1.4502510231630628,0.0,0.0,-1.4502510231630628,-1.4502510231630628
external_baseline,GEMM,Thermal-SA-TAS,,10,10,"40,41,42,43,44,45,46,47,48,49",5.025544895051057,0.5194183999904566,0.32193885970376396,4.175246227443791,5.673327095517712,-0.9744551049489442,0.5194183999904566,0.32193885970376396,-1.8247537725562095,-0.3266729044822885,-16.240918415815734,8.656973333174275,5.365647661729398,-30.41256287593682,-5.444548408038141
external_baseline,HNN,CommAware-Heuristic,,1,1,,7.069626153237407,0.0,0.0,7.069626153237407,7.069626153237407,1.0696261532374063,0.0,0.0,1.0696261532374063,1.0696261532374063,17.827102553956763,0.0,0.0,17.827102553956763,17.827102553956763
external_baseline,HNN,RandomBest,,1,1,1048,5.538187698300438,0.0,0.0,5.538187698300438,5.538187698300438,-0.4618123016995632,0.0,0.0,-0.4618123016995632,-0.4618123016995632,-7.6968716949927245,0.0,0.0,-7.6968716949927245,-7.6968716949927245
external_baseline,HNN,RandomMedian,,1,1,2133,6.510668384336667,0.0,0.0,6.510668384336667,6.510668384336667,0.5106683843366664,0.0,0.0,0.5106683843366664,0.5106683843366664,8.51113973894444,0.0,0.0,8.51113973894444,8.51113973894444
external_baseline,HNN,RandomP10,,1,1,2208,6.127662755478515,0.0,0.0,6.127662755478515,6.127662755478515,0.12766275547851436,0.0,0.0,0.12766275547851436,0.12766275547851436,2.1277125913085726,0.0,0.0,2.1277125913085726,2.1277125913085726
external_baseline,HNN,RandomP90,,1,1,2937,6.996664373254697,0.0,0.0,6.996664373254697,6.996664373254697,0.9966643732546965,0.0,0.0,0.9966643732546965,0.9966643732546965,16.61107288757828,0.0,0.0,16.61107288757828,16.61107288757828
external_baseline,HNN,Thermal-SA-TAS,,10,10,"40,41,42,43,44,45,46,47,48,49",5.690326270478526,0.19301401621491635,0.11963132666885821,5.41786078278354,6.011385173675362,-0.3096737295214754,0.19301401621491635,0.11963132666885821,-0.5821392172164606,0.01138517367536096,-5.161228825357923,3.2169002702486074,1.9938554444809713,-9.702320286941013,0.18975289458935674
external_baseline,MPEG4,CommAware-Heuristic,,1,1,,7.341626176097999,0.0,0.0,7.341626176097999,7.341626176097999,1.3416261760979982,0.0,0.0,1.3416261760979982,1.3416261760979982,22.360436268299978,0.0,0.0,22.360436268299978,22.360436268299978
external_baseline,MPEG4,RandomBest,,1,1,1761,4.441197410955547,0.0,0.0,4.441197410955547,4.441197410955547,-1.5588025890444541,0.0,0.0,-1.5588025890444541,-1.5588025890444541,-25.980043150740894,0.0,0.0,-25.980043150740894,-25.980043150740894
external_baseline,MPEG4,RandomMedian,,1,1,2383,5.256811453120918,0.0,0.0,5.256811453120918,5.256811453120918,-0.7431885468790833,0.0,0.0,-0.7431885468790833,-0.7431885468790833,-12.386475781318051,0.0,0.0,-12.386475781318051,-12.386475781318051
external_baseline,MPEG4,RandomP10,,1,1,2456,4.833898391410855,0.0,0.0,4.833898391410855,4.833898391410855,-1.1661016085891456,0.0,0.0,-1.1661016085891456,-1.1661016085891456,-19.43502680981909,0.0,0.0,-19.43502680981909,-19.43502680981909
external_baseline,MPEG4,RandomP90,,1,1,1152,5.970499856273806,0.0,0.0,5.970499856273806,5.970499856273806,-0.029500143726195027,0.0,0.0,-0.029500143726195027,-0.029500143726195027,-0.49166906210325045,0.0,0.0,-0.49166906210325045,-0.49166906210325045
external_baseline,MPEG4,Thermal-SA-TAS,,10,10,"40,41,42,43,44,45,46,47,48,49",4.919120942636016,0.3048239402254347,0.18893183554604112,4.484225016396434,5.526586765851798,-1.0808790573639853,0.3048239402254347,0.18893183554604112,-1.515774983603567,-0.4734132341482029,-18.01465095606642,5.0803990037572415,3.14886392576735,-25.262916393392775,-7.890220569136719
external_baseline,VOPD,CommAware-Heuristic,,1,1,,8.896455532844945,0.0,0.0,8.896455532844945,8.896455532844945,3.8964555328449446,0.0,0.0,3.8964555328449446,3.8964555328449446,77.9291106568989,0.0,0.0,77.9291106568989,77.9291106568989
external_baseline,VOPD,RandomBest,,1,1,2449,4.731106373006268,0.0,0.0,4.731106373006268,4.731106373006268,-0.26889362699373187,0.0,0.0,-0.26889362699373187,-0.26889362699373187,-5.377872539874639,0.0,0.0,-5.377872539874639,-5.377872539874639
external_baseline,VOPD,RandomMedian,,1,1,2441,5.528208748808112,0.0,0.0,5.528208748808112,5.528208748808112,0.5282087488081117,0.0,0.0,0.5282087488081117,0.5282087488081117,10.564174976162244,0.0,0.0,10.564174976162244,10.564174976162244
external_baseline,VOPD,RandomP10,,1,1,780,5.148815268613549,0.0,0.0,5.148815268613549,5.148815268613549,0.1488152686135491,0.0,0.0,0.1488152686135491,0.1488152686135491,2.976305372270982,0.0,0.0,2.976305372270982,2.976305372270982
external_baseline,VOPD,RandomP90,,1,1,280,6.029117071317573,0.0,0.0,6.029117071317573,6.029117071317573,1.0291170713175726,0.0,0.0,1.0291170713175726,1.0291170713175726,20.582341426351448,0.0,0.0,20.582341426351448,20.582341426351448
external_baseline,VOPD,Thermal-SA-TAS,,10,10,"40,41,42,43,44,45,46,47,48,49",4.501892335386794,0.07116186856364627,0.04410658309407279,4.416684123903808,4.6597510505827575,-0.4981076646132069,0.07116186856364627,0.04410658309407279,-0.5833158760961918,-0.3402489494172425,-9.962153292264137,1.4232373712729272,0.8821316618814569,-11.66631752192384,-6.804978988344845
