figure,workload,method,method_family,source_root,ablation,seed,seed_type,selection_policy,source_objective_name,stored_TR2_composite_cost,full_objective_comparable_score,reference_full_objective_comparable_score,delta_vs_reference,relative_change_pct_vs_reference,valid,validity_notes,metrics_path
figure4,GEMM,Full-GA,proposed,B-2-v4,,40,ga_seed,,baseline_normalized_v2,3.7756299369185338,3.7756299369185338,6.000000000000001,-2.224370063081467,-37.07283438469111,True,,D:\HNOCS\out\experimental results\B-2-v4\seed_40\gen_60\gemm\metrics.json
figure4,MPEG4,Full-GA,proposed,B-2-v4,,40,ga_seed,,baseline_normalized_v2,4.242777663082553,4.242777663082553,6.000000000000001,-1.7572223369174482,-29.287038948624133,True,,D:\HNOCS\out\experimental results\B-2-v4\seed_40\gen_60\mpeg4\metrics.json
figure4,VOPD,Full-GA,proposed,B-2-v4,,40,ga_seed,,baseline_normalized_v2,4.535907040207907,4.535907040207907,5.0,-0.46409295979209286,-9.281859195841857,True,,D:\HNOCS\out\experimental results\B-2-v4\seed_40\gen_60\vopd\metrics.json
figure4,HNN,Full-GA,proposed,B-2-v4,,40,ga_seed,,baseline_normalized_v2,5.04699018190069,5.04699018190069,6.000000000000001,-0.9530098180993107,-15.883496968321841,True,,D:\HNOCS\out\experimental results\B-2-v4\seed_40\gen_60\hnn\metrics.json
figure4,GEMM,Full-GA,proposed,B-2-v4,,41,ga_seed,,baseline_normalized_v2,3.795969112228902,3.795969112228902,6.000000000000001,-2.204030887771099,-36.73384812951831,True,,D:\HNOCS\out\experimental results\B-2-v4\seed_41\gen_60\gemm\metrics.json
figure4,MPEG4,Full-GA,proposed,B-2-v4,,41,ga_seed,,baseline_normalized_v2,4.097180119498511,4.097180119498511,6.000000000000001,-1.9028198805014895,-31.713664675024823,True,,D:\HNOCS\out\experimental results\B-2-v4\seed_41\gen_60\mpeg4\metrics.json
figure4,VOPD,Full-GA,proposed,B-2-v4,,41,ga_seed,,baseline_normalized_v2,4.4290574560875555,4.4290574560875555,5.0,-0.5709425439124445,-11.418850878248888,True,,D:\HNOCS\out\experimental results\B-2-v4\seed_41\gen_60\vopd\metrics.json
figure4,HNN,Full-GA,proposed,B-2-v4,,41,ga_seed,,baseline_normalized_v2,5.17401394028756,5.17401394028756,6.000000000000001,-0.8259860597124407,-13.766434328540678,True,,D:\HNOCS\out\experimental results\B-2-v4\seed_41\gen_60\hnn\metrics.json
figure4,GEMM,Full-GA,proposed,B-2-v4,,42,ga_seed,,baseline_normalized_v2,3.799907180912859,3.799907180912859,6.000000000000001,-2.200092819087142,-36.66821365145236,True,,D:\HNOCS\out\experimental results\B-2-v4\seed_42\gen_60\gemm\metrics.json
figure4,MPEG4,Full-GA,proposed,B-2-v4,,42,ga_seed,,baseline_normalized_v2,4.216755651138596,4.216755651138596,6.000000000000001,-1.7832443488614045,-29.720739147690068,True,,D:\HNOCS\out\experimental results\B-2-v4\seed_42\gen_60\mpeg4\metrics.json
figure4,VOPD,Full-GA,proposed,B-2-v4,,42,ga_seed,,baseline_normalized_v2,4.44974612228009,4.44974612228009,5.0,-0.5502538777199097,-11.005077554398191,True,,D:\HNOCS\out\experimental results\B-2-v4\seed_42\gen_60\vopd\metrics.json
figure4,HNN,Full-GA,proposed,B-2-v4,,42,ga_seed,,baseline_normalized_v2,4.986974793468414,4.986974793468414,6.000000000000001,-1.0130252065315872,-16.883753442193118,True,,D:\HNOCS\out\experimental results\B-2-v4\seed_42\gen_60\hnn\metrics.json
figure4,GEMM,Full-GA,proposed,B-2-v4,,43,ga_seed,,baseline_normalized_v2,3.7673396106539467,3.7673396106539467,6.000000000000001,-2.232660389346054,-37.211006489100896,True,,D:\HNOCS\out\experimental results\B-2-v4\seed_43\gen_60\gemm\metrics.json
figure4,MPEG4,Full-GA,proposed,B-2-v4,,43,ga_seed,,baseline_normalized_v2,4.11216503036325,4.11216503036325,6.000000000000001,-1.8878349696367511,-31.463916160612516,True,,D:\HNOCS\out\experimental results\B-2-v4\seed_43\gen_60\mpeg4\metrics.json
figure4,VOPD,Full-GA,proposed,B-2-v4,,43,ga_seed,,baseline_normalized_v2,4.349570016586447,4.349570016586447,5.0,-0.6504299834135532,-13.00859966827106,True,,D:\HNOCS\out\experimental results\B-2-v4\seed_43\gen_60\vopd\metrics.json
figure4,HNN,Full-GA,proposed,B-2-v4,,43,ga_seed,,baseline_normalized_v2,5.462613147873699,5.462613147873699,6.000000000000001,-0.5373868521263017,-8.956447535438361,True,,D:\HNOCS\out\experimental results\B-2-v4\seed_43\gen_60\hnn\metrics.json
figure4,GEMM,Full-GA,proposed,B-2-v4,,44,ga_seed,,baseline_normalized_v2,3.844634655649292,3.844634655649292,6.000000000000001,-2.155365344350709,-35.92275573917848,True,,D:\HNOCS\out\experimental results\B-2-v4\seed_44\gen_60\gemm\metrics.json
figure4,MPEG4,Full-GA,proposed,B-2-v4,,44,ga_seed,,baseline_normalized_v2,4.131037306053756,4.131037306053756,6.000000000000001,-1.8689626939462451,-31.14937823243742,True,,D:\HNOCS\out\experimental results\B-2-v4\seed_44\gen_60\mpeg4\metrics.json
figure4,VOPD,Full-GA,proposed,B-2-v4,,44,ga_seed,,baseline_normalized_v2,4.407643664781135,4.407643664781135,5.0,-0.5923563352188648,-11.847126704377297,True,,D:\HNOCS\out\experimental results\B-2-v4\seed_44\gen_60\vopd\metrics.json
figure4,HNN,Full-GA,proposed,B-2-v4,,44,ga_seed,,baseline_normalized_v2,5.085554701009119,5.085554701009119,6.000000000000001,-0.9144452989908816,-15.24075498318136,True,,D:\HNOCS\out\experimental results\B-2-v4\seed_44\gen_60\hnn\metrics.json
figure4,GEMM,Full-GA,proposed,B-2-v4,,45,ga_seed,,baseline_normalized_v2,3.7465646208919887,3.7465646208919887,6.000000000000001,-2.253435379108012,-37.557256318466855,True,,D:\HNOCS\out\experimental results\B-2-v4\seed_45\gen_60\gemm\metrics.json
figure4,MPEG4,Full-GA,proposed,B-2-v4,,45,ga_seed,,baseline_normalized_v2,4.049490827462077,4.049490827462077,6.000000000000001,-1.9505091725379238,-32.508486208965394,True,,D:\HNOCS\out\experimental results\B-2-v4\seed_45\gen_60\mpeg4\metrics.json
figure4,VOPD,Full-GA,proposed,B-2-v4,,45,ga_seed,,baseline_normalized_v2,4.398872014789851,4.398872014789851,5.0,-0.601127985210149,-12.022559704202983,True,,D:\HNOCS\out\experimental results\B-2-v4\seed_45\gen_60\vopd\metrics.json
figure4,HNN,Full-GA,proposed,B-2-v4,,45,ga_seed,,baseline_normalized_v2,5.373174744913506,5.373174744913506,6.000000000000001,-0.6268252550864952,-10.447087584774916,True,,D:\HNOCS\out\experimental results\B-2-v4\seed_45\gen_60\hnn\metrics.json
figure4,GEMM,Full-GA,proposed,B-2-v4,,46,ga_seed,,baseline_normalized_v2,3.741650923084499,3.741650923084499,6.000000000000001,-2.258349076915502,-37.639151281925024,True,,D:\HNOCS\out\experimental results\B-2-v4\seed_46\gen_60\gemm\metrics.json
figure4,MPEG4,Full-GA,proposed,B-2-v4,,46,ga_seed,,baseline_normalized_v2,4.016261600531964,4.016261600531964,6.000000000000001,-1.983738399468037,-33.06230665780061,True,,D:\HNOCS\out\experimental results\B-2-v4\seed_46\gen_60\mpeg4\metrics.json
figure4,VOPD,Full-GA,proposed,B-2-v4,,46,ga_seed,,baseline_normalized_v2,4.446714704298548,4.446714704298548,5.0,-0.5532852957014516,-11.065705914029033,True,,D:\HNOCS\out\experimental results\B-2-v4\seed_46\gen_60\vopd\metrics.json
figure4,HNN,Full-GA,proposed,B-2-v4,,46,ga_seed,,baseline_normalized_v2,4.982882635915508,4.982882635915508,6.000000000000001,-1.017117364084493,-16.95195606807488,True,,D:\HNOCS\out\experimental results\B-2-v4\seed_46\gen_60\hnn\metrics.json
figure4,GEMM,Full-GA,proposed,B-2-v4,,47,ga_seed,,baseline_normalized_v2,3.8192535762656448,3.8192535762656448,6.000000000000001,-2.180746423734356,-36.345773728905925,True,,D:\HNOCS\out\experimental results\B-2-v4\seed_47\gen_60\gemm\metrics.json
figure4,MPEG4,Full-GA,proposed,B-2-v4,,47,ga_seed,,baseline_normalized_v2,4.083388623951365,4.083388623951365,6.000000000000001,-1.9166113760486363,-31.94352293414393,True,,D:\HNOCS\out\experimental results\B-2-v4\seed_47\gen_60\mpeg4\metrics.json
figure4,VOPD,Full-GA,proposed,B-2-v4,,47,ga_seed,,baseline_normalized_v2,4.473743433386786,4.473743433386786,5.0,-0.5262565666132142,-10.525131332264282,True,,D:\HNOCS\out\experimental results\B-2-v4\seed_47\gen_60\vopd\metrics.json
figure4,HNN,Full-GA,proposed,B-2-v4,,47,ga_seed,,baseline_normalized_v2,5.038941886660901,5.038941886660901,6.000000000000001,-0.9610581133391003,-16.01763522231834,True,,D:\HNOCS\out\experimental results\B-2-v4\seed_47\gen_60\hnn\metrics.json
figure4,GEMM,Full-GA,proposed,B-2-v4,,48,ga_seed,,baseline_normalized_v2,3.7259784989639666,3.7259784989639666,6.000000000000001,-2.2740215010360343,-37.90035835060056,True,,D:\HNOCS\out\experimental results\B-2-v4\seed_48\gen_60\gemm\metrics.json
figure4,MPEG4,Full-GA,proposed,B-2-v4,,48,ga_seed,,baseline_normalized_v2,4.188175475521553,4.188175475521553,6.000000000000001,-1.8118245244784479,-30.19707540797413,True,,D:\HNOCS\out\experimental results\B-2-v4\seed_48\gen_60\mpeg4\metrics.json
figure4,VOPD,Full-GA,proposed,B-2-v4,,48,ga_seed,,baseline_normalized_v2,4.3470398343814445,4.3470398343814445,5.0,-0.6529601656185555,-13.059203312371114,True,,D:\HNOCS\out\experimental results\B-2-v4\seed_48\gen_60\vopd\metrics.json
figure4,HNN,Full-GA,proposed,B-2-v4,,48,ga_seed,,baseline_normalized_v2,4.878621881488557,4.878621881488557,6.000000000000001,-1.1213781185114442,-18.689635308524068,True,,D:\HNOCS\out\experimental results\B-2-v4\seed_48\gen_60\hnn\metrics.json
figure4,GEMM,Full-GA,proposed,B-2-v4,,49,ga_seed,,baseline_normalized_v2,3.7786313870473434,3.7786313870473434,6.000000000000001,-2.2213686129526575,-37.02281021587762,True,,D:\HNOCS\out\experimental results\B-2-v4\seed_49\gen_60\gemm\metrics.json
figure4,MPEG4,Full-GA,proposed,B-2-v4,,49,ga_seed,,baseline_normalized_v2,4.188954448764773,4.188954448764773,6.000000000000001,-1.8110455512352281,-30.184092520587136,True,,D:\HNOCS\out\experimental results\B-2-v4\seed_49\gen_60\mpeg4\metrics.json
figure4,VOPD,Full-GA,proposed,B-2-v4,,49,ga_seed,,baseline_normalized_v2,4.2209760937638094,4.2209760937638094,5.0,-0.7790239062361906,-15.580478124723808,True,,D:\HNOCS\out\experimental results\B-2-v4\seed_49\gen_60\vopd\metrics.json
figure4,HNN,Full-GA,proposed,B-2-v4,,49,ga_seed,,baseline_normalized_v2,5.327389471999339,5.327389471999339,6.000000000000001,-0.6726105280006616,-11.210175466677697,True,,D:\HNOCS\out\experimental results\B-2-v4\seed_49\gen_60\hnn\metrics.json
figure4,GEMM,thermal-only,ablation,B-2-v4-ablation,thermal-only,40,ga_seed,,baseline_normalized_v2,1.0253542108776807,8.643624932550848,6.000000000000001,2.643624932550847,44.06041554251412,True,,D:\HNOCS\out\experimental results\B-2-v4-ablation\thermal-only\seed_40\gen_60\gemm\metrics.json
figure4,MPEG4,thermal-only,ablation,B-2-v4-ablation,thermal-only,40,ga_seed,,baseline_normalized_v2,1.302589309598189,6.595115888392986,6.000000000000001,0.5951158883929848,9.918598139883073,True,,D:\HNOCS\out\experimental results\B-2-v4-ablation\thermal-only\seed_40\gen_60\mpeg4\metrics.json
figure4,VOPD,thermal-only,ablation,B-2-v4-ablation,thermal-only,40,ga_seed,,baseline_normalized_v2,1.6078291591964233,6.713874659876559,5.0,1.7138746598765593,34.27749319753119,True,,D:\HNOCS\out\experimental results\B-2-v4-ablation\thermal-only\seed_40\gen_60\vopd\metrics.json
figure4,HNN,thermal-only,ablation,B-2-v4-ablation,thermal-only,40,ga_seed,,baseline_normalized_v2,1.3116528765522193,8.879667728227618,6.000000000000001,2.8796677282276173,47.994462137126945,True,,D:\HNOCS\out\experimental results\B-2-v4-ablation\thermal-only\seed_40\gen_60\hnn\metrics.json
figure4,GEMM,thermal-only,ablation,B-2-v4-ablation,thermal-only,41,ga_seed,,baseline_normalized_v2,0.9699836211485028,9.352771451730218,6.000000000000001,3.3527714517302174,55.87952419550361,True,,D:\HNOCS\out\experimental results\B-2-v4-ablation\thermal-only\seed_41\gen_60\gemm\metrics.json
figure4,MPEG4,thermal-only,ablation,B-2-v4-ablation,thermal-only,41,ga_seed,,baseline_normalized_v2,1.2582094360103753,8.669609238395736,6.000000000000001,2.6696092383957355,44.49348730659559,True,,D:\HNOCS\out\experimental results\B-2-v4-ablation\thermal-only\seed_41\gen_60\mpeg4\metrics.json
figure4,VOPD,thermal-only,ablation,B-2-v4-ablation,thermal-only,41,ga_seed,,baseline_normalized_v2,1.6075746714532753,6.967395216466712,5.0,1.967395216466712,39.34790432933424,True,,D:\HNOCS\out\experimental results\B-2-v4-ablation\thermal-only\seed_41\gen_60\vopd\metrics.json
figure4,HNN,thermal-only,ablation,B-2-v4-ablation,thermal-only,41,ga_seed,,baseline_normalized_v2,1.309534712268094,9.533833089154777,6.000000000000001,3.5338330891547765,58.8972181525796,True,,D:\HNOCS\out\experimental results\B-2-v4-ablation\thermal-only\seed_41\gen_60\hnn\metrics.json
figure4,GEMM,thermal-only,ablation,B-2-v4-ablation,thermal-only,42,ga_seed,,baseline_normalized_v2,1.166108540420086,7.316525786126099,6.000000000000001,1.316525786126098,21.942096435434966,True,,D:\HNOCS\out\experimental results\B-2-v4-ablation\thermal-only\seed_42\gen_60\gemm\metrics.json
figure4,MPEG4,thermal-only,ablation,B-2-v4-ablation,thermal-only,42,ga_seed,,baseline_normalized_v2,1.415922588345453,6.535477323931708,6.000000000000001,0.5354773239317074,8.924622065528464,True,,D:\HNOCS\out\experimental results\B-2-v4-ablation\thermal-only\seed_42\gen_60\mpeg4\metrics.json
figure4,VOPD,thermal-only,ablation,B-2-v4-ablation,thermal-only,42,ga_seed,,baseline_normalized_v2,1.6134505185152117,6.741164933233553,5.0,1.741164933233553,34.823298664671064,True,,D:\HNOCS\out\experimental results\B-2-v4-ablation\thermal-only\seed_42\gen_60\vopd\metrics.json
figure4,HNN,thermal-only,ablation,B-2-v4-ablation,thermal-only,42,ga_seed,,baseline_normalized_v2,1.2956817603949338,10.04198474655604,6.000000000000001,4.041984746556039,67.36641244260065,True,,D:\HNOCS\out\experimental results\B-2-v4-ablation\thermal-only\seed_42\gen_60\hnn\metrics.json
figure4,GEMM,thermal-only,ablation,B-2-v4-ablation,thermal-only,43,ga_seed,,baseline_normalized_v2,1.1612762196403508,7.271100431485007,6.000000000000001,1.2711004314850065,21.185007191416783,True,,D:\HNOCS\out\experimental results\B-2-v4-ablation\thermal-only\seed_43\gen_60\gemm\metrics.json
figure4,MPEG4,thermal-only,ablation,B-2-v4-ablation,thermal-only,43,ga_seed,,baseline_normalized_v2,1.3025656634660914,6.495826097869591,6.000000000000001,0.49582609786958987,8.263768297826491,True,,D:\HNOCS\out\experimental results\B-2-v4-ablation\thermal-only\seed_43\gen_60\mpeg4\metrics.json
figure4,VOPD,thermal-only,ablation,B-2-v4-ablation,thermal-only,43,ga_seed,,baseline_normalized_v2,1.6527665168027232,6.19875037571431,5.0,1.1987503757143099,23.975007514286204,True,,D:\HNOCS\out\experimental results\B-2-v4-ablation\thermal-only\seed_43\gen_60\vopd\metrics.json
figure4,HNN,thermal-only,ablation,B-2-v4-ablation,thermal-only,43,ga_seed,,baseline_normalized_v2,1.219926050198327,11.848388896192716,6.000000000000001,5.8483888961927155,97.47314826987858,True,,D:\HNOCS\out\experimental results\B-2-v4-ablation\thermal-only\seed_43\gen_60\hnn\metrics.json
figure4,GEMM,thermal-only,ablation,B-2-v4-ablation,thermal-only,44,ga_seed,,baseline_normalized_v2,0.9699831250617358,9.352769518166966,6.000000000000001,3.352769518166965,55.87949196944941,True,,D:\HNOCS\out\experimental results\B-2-v4-ablation\thermal-only\seed_44\gen_60\gemm\metrics.json
figure4,MPEG4,thermal-only,ablation,B-2-v4-ablation,thermal-only,44,ga_seed,,baseline_normalized_v2,1.394912400555177,5.574357101401374,6.000000000000001,-0.4256428985986265,-7.094048309977108,True,,D:\HNOCS\out\experimental results\B-2-v4-ablation\thermal-only\seed_44\gen_60\mpeg4\metrics.json
figure4,VOPD,thermal-only,ablation,B-2-v4-ablation,thermal-only,44,ga_seed,,baseline_normalized_v2,1.590330947851437,8.175912877249203,5.0,3.1759128772492033,63.51825754498406,True,,D:\HNOCS\out\experimental results\B-2-v4-ablation\thermal-only\seed_44\gen_60\vopd\metrics.json
figure4,HNN,thermal-only,ablation,B-2-v4-ablation,thermal-only,44,ga_seed,,baseline_normalized_v2,1.2549344711080852,10.316255624195605,6.000000000000001,4.3162556241956045,71.93759373659341,True,,D:\HNOCS\out\experimental results\B-2-v4-ablation\thermal-only\seed_44\gen_60\hnn\metrics.json
figure4,GEMM,thermal-only,ablation,B-2-v4-ablation,thermal-only,45,ga_seed,,baseline_normalized_v2,1.1488032440919005,9.674114451310825,6.000000000000001,3.6741144513108237,61.23524085518039,True,,D:\HNOCS\out\experimental results\B-2-v4-ablation\thermal-only\seed_45\gen_60\gemm\metrics.json
figure4,MPEG4,thermal-only,ablation,B-2-v4-ablation,thermal-only,45,ga_seed,,baseline_normalized_v2,1.3027244663454698,6.558903998449435,6.000000000000001,0.5589039984494342,9.315066640823911,True,,D:\HNOCS\out\experimental results\B-2-v4-ablation\thermal-only\seed_45\gen_60\mpeg4\metrics.json
figure4,VOPD,thermal-only,ablation,B-2-v4-ablation,thermal-only,45,ga_seed,,baseline_normalized_v2,1.703822947068032,5.5895184803023374,5.0,0.5895184803023374,11.790369606046758,True,,D:\HNOCS\out\experimental results\B-2-v4-ablation\thermal-only\seed_45\gen_60\vopd\metrics.json
figure4,HNN,thermal-only,ablation,B-2-v4-ablation,thermal-only,45,ga_seed,,baseline_normalized_v2,1.340403416294608,9.203354581478825,6.000000000000001,3.2033545814788242,53.38924302464707,True,,D:\HNOCS\out\experimental results\B-2-v4-ablation\thermal-only\seed_45\gen_60\hnn\metrics.json
figure4,GEMM,thermal-only,ablation,B-2-v4-ablation,thermal-only,46,ga_seed,,baseline_normalized_v2,0.9709550333700012,9.210502658949185,6.000000000000001,3.210502658949184,53.50837764915306,True,,D:\HNOCS\out\experimental results\B-2-v4-ablation\thermal-only\seed_46\gen_60\gemm\metrics.json
figure4,MPEG4,thermal-only,ablation,B-2-v4-ablation,thermal-only,46,ga_seed,,baseline_normalized_v2,1.3963465314582084,6.375000176109017,6.000000000000001,0.37500017610901626,6.250002935150278,True,,D:\HNOCS\out\experimental results\B-2-v4-ablation\thermal-only\seed_46\gen_60\mpeg4\metrics.json
figure4,VOPD,thermal-only,ablation,B-2-v4-ablation,thermal-only,46,ga_seed,,baseline_normalized_v2,1.607831519403817,6.85736046255488,5.0,1.8573604625548796,37.1472092510976,True,,D:\HNOCS\out\experimental results\B-2-v4-ablation\thermal-only\seed_46\gen_60\vopd\metrics.json
figure4,HNN,thermal-only,ablation,B-2-v4-ablation,thermal-only,46,ga_seed,,baseline_normalized_v2,1.2739974829839977,8.795747140814411,6.000000000000001,2.7957471408144103,46.59578568024016,True,,D:\HNOCS\out\experimental results\B-2-v4-ablation\thermal-only\seed_46\gen_60\hnn\metrics.json
figure4,GEMM,thermal-only,ablation,B-2-v4-ablation,thermal-only,47,ga_seed,,baseline_normalized_v2,0.9709516406357334,9.338369661538357,6.000000000000001,3.338369661538356,55.6394943589726,True,,D:\HNOCS\out\experimental results\B-2-v4-ablation\thermal-only\seed_47\gen_60\gemm\metrics.json
figure4,MPEG4,thermal-only,ablation,B-2-v4-ablation,thermal-only,47,ga_seed,,baseline_normalized_v2,1.4169731565169426,5.152655994629328,6.000000000000001,-0.8473440053706724,-14.1224000895112,True,,D:\HNOCS\out\experimental results\B-2-v4-ablation\thermal-only\seed_47\gen_60\mpeg4\metrics.json
figure4,VOPD,thermal-only,ablation,B-2-v4-ablation,thermal-only,47,ga_seed,,baseline_normalized_v2,1.702803359861764,5.811723310627577,5.0,0.8117233106275767,16.234466212551535,True,,D:\HNOCS\out\experimental results\B-2-v4-ablation\thermal-only\seed_47\gen_60\vopd\metrics.json
figure4,HNN,thermal-only,ablation,B-2-v4-ablation,thermal-only,47,ga_seed,,baseline_normalized_v2,1.258538117607029,11.18792295508632,6.000000000000001,5.187922955086319,86.46538258477196,True,,D:\HNOCS\out\experimental results\B-2-v4-ablation\thermal-only\seed_47\gen_60\hnn\metrics.json
figure4,GEMM,thermal-only,ablation,B-2-v4-ablation,thermal-only,48,ga_seed,,baseline_normalized_v2,1.160495769029584,7.413866161611383,6.000000000000001,1.4138661616113817,23.564436026856363,True,,D:\HNOCS\out\experimental results\B-2-v4-ablation\thermal-only\seed_48\gen_60\gemm\metrics.json
figure4,MPEG4,thermal-only,ablation,B-2-v4-ablation,thermal-only,48,ga_seed,,baseline_normalized_v2,1.4072406307707404,5.360684538778443,6.000000000000001,-0.6393154612215577,-10.655257687025966,True,,D:\HNOCS\out\experimental results\B-2-v4-ablation\thermal-only\seed_48\gen_60\mpeg4\metrics.json
figure4,VOPD,thermal-only,ablation,B-2-v4-ablation,thermal-only,48,ga_seed,,baseline_normalized_v2,1.6112448228718745,7.243911486004786,5.0,2.2439114860047864,44.87822972009572,True,,D:\HNOCS\out\experimental results\B-2-v4-ablation\thermal-only\seed_48\gen_60\vopd\metrics.json
figure4,HNN,thermal-only,ablation,B-2-v4-ablation,thermal-only,48,ga_seed,,baseline_normalized_v2,1.2956259885473704,10.913982586229139,6.000000000000001,4.913982586229138,81.89970977048561,True,,D:\HNOCS\out\experimental results\B-2-v4-ablation\thermal-only\seed_48\gen_60\hnn\metrics.json
figure4,GEMM,thermal-only,ablation,B-2-v4-ablation,thermal-only,49,ga_seed,,baseline_normalized_v2,1.1612819813754007,7.398371554062128,6.000000000000001,1.3983715540621269,23.306192567702123,True,,D:\HNOCS\out\experimental results\B-2-v4-ablation\thermal-only\seed_49\gen_60\gemm\metrics.json
figure4,MPEG4,thermal-only,ablation,B-2-v4-ablation,thermal-only,49,ga_seed,,baseline_normalized_v2,1.4238870126745138,4.901863087806651,6.000000000000001,-1.0981369121933495,-18.302281869889157,True,,D:\HNOCS\out\experimental results\B-2-v4-ablation\thermal-only\seed_49\gen_60\mpeg4\metrics.json
figure4,VOPD,thermal-only,ablation,B-2-v4-ablation,thermal-only,49,ga_seed,,baseline_normalized_v2,1.6072452178463656,8.134053097325747,5.0,3.134053097325747,62.68106194651495,True,,D:\HNOCS\out\experimental results\B-2-v4-ablation\thermal-only\seed_49\gen_60\vopd\metrics.json
figure4,HNN,thermal-only,ablation,B-2-v4-ablation,thermal-only,49,ga_seed,,baseline_normalized_v2,1.405499531832461,8.800756419554643,6.000000000000001,2.8007564195546424,46.679273659244025,True,,D:\HNOCS\out\experimental results\B-2-v4-ablation\thermal-only\seed_49\gen_60\hnn\metrics.json
figure4,GEMM,comm-only,ablation,B-2-v4-ablation,comm-only,40,ga_seed,,baseline_normalized_v2,0.10285204991087343,7.000328538708645,6.000000000000001,1.0003285387086445,16.672142311810735,True,,D:\HNOCS\out\experimental results\B-2-v4-ablation\comm-only\seed_40\gen_60\gemm\metrics.json
figure4,MPEG4,comm-only,ablation,B-2-v4-ablation,comm-only,40,ga_seed,,baseline_normalized_v2,0.23393939393939395,4.936178365351768,6.000000000000001,-1.0638216346482325,-17.730360577470538,True,,D:\HNOCS\out\experimental results\B-2-v4-ablation\comm-only\seed_40\gen_60\mpeg4\metrics.json
figure4,VOPD,comm-only,ablation,B-2-v4-ablation,comm-only,40,ga_seed,,baseline_normalized_v2,0.26201846545686086,6.025908085670989,5.0,1.0259080856709888,20.51816171341978,True,,D:\HNOCS\out\experimental results\B-2-v4-ablation\comm-only\seed_40\gen_60\vopd\metrics.json
figure4,HNN,comm-only,ablation,B-2-v4-ablation,comm-only,40,ga_seed,,baseline_normalized_v2,0.5566417910447762,6.617329352542236,6.000000000000001,0.6173293525422352,10.288822542370578,True,,D:\HNOCS\out\experimental results\B-2-v4-ablation\comm-only\seed_40\gen_60\hnn\metrics.json
figure4,GEMM,comm-only,ablation,B-2-v4-ablation,comm-only,41,ga_seed,,baseline_normalized_v2,0.11461675579322637,6.934558829910377,6.000000000000001,0.934558829910376,15.575980498506258,True,,D:\HNOCS\out\experimental results\B-2-v4-ablation\comm-only\seed_41\gen_60\gemm\metrics.json
figure4,MPEG4,comm-only,ablation,B-2-v4-ablation,comm-only,41,ga_seed,,baseline_normalized_v2,0.3813852813852814,4.68710517371262,6.000000000000001,-1.3128948262873807,-21.881580438123006,True,,D:\HNOCS\out\experimental results\B-2-v4-ablation\comm-only\seed_41\gen_60\mpeg4\metrics.json
figure4,VOPD,comm-only,ablation,B-2-v4-ablation,comm-only,41,ga_seed,,baseline_normalized_v2,0.23164597262018463,7.201189310584391,5.0,2.2011893105843914,44.023786211687835,True,,D:\HNOCS\out\experimental results\B-2-v4-ablation\comm-only\seed_41\gen_60\vopd\metrics.json
figure4,HNN,comm-only,ablation,B-2-v4-ablation,comm-only,41,ga_seed,,baseline_normalized_v2,0.4053731343283582,5.696038738258417,6.000000000000001,-0.3039612617415841,-5.066021029026402,True,,D:\HNOCS\out\experimental results\B-2-v4-ablation\comm-only\seed_41\gen_60\hnn\metrics.json
figure4,GEMM,comm-only,ablation,B-2-v4-ablation,comm-only,42,ga_seed,,baseline_normalized_v2,0.10285204991087343,7.000325294225184,6.000000000000001,1.000325294225183,16.672088237086392,True,,D:\HNOCS\out\experimental results\B-2-v4-ablation\comm-only\seed_42\gen_60\gemm\metrics.json
figure4,MPEG4,comm-only,ablation,B-2-v4-ablation,comm-only,42,ga_seed,,baseline_normalized_v2,0.1806060606060606,5.950142909624479,6.000000000000001,-0.04985709037552155,-0.8309515062586925,True,,D:\HNOCS\out\experimental results\B-2-v4-ablation\comm-only\seed_42\gen_60\mpeg4\metrics.json
figure4,VOPD,comm-only,ablation,B-2-v4-ablation,comm-only,42,ga_seed,,baseline_normalized_v2,0.3667621776504298,5.871158963805466,5.0,0.871158963805466,17.423179276109323,True,,D:\HNOCS\out\experimental results\B-2-v4-ablation\comm-only\seed_42\gen_60\vopd\metrics.json
figure4,HNN,comm-only,ablation,B-2-v4-ablation,comm-only,42,ga_seed,,baseline_normalized_v2,0.6684328358208955,6.105024122391296,6.000000000000001,0.10502412239129555,1.7504020398549258,True,,D:\HNOCS\out\experimental results\B-2-v4-ablation\comm-only\seed_42\gen_60\hnn\metrics.json
figure4,GEMM,comm-only,ablation,B-2-v4-ablation,comm-only,43,ga_seed,,baseline_normalized_v2,0.10285204991087343,6.998579499272475,6.000000000000001,0.9985794992724744,16.64299165454124,True,,D:\HNOCS\out\experimental results\B-2-v4-ablation\comm-only\seed_43\gen_60\gemm\metrics.json
figure4,MPEG4,comm-only,ablation,B-2-v4-ablation,comm-only,43,ga_seed,,baseline_normalized_v2,0.17298701298701297,5.957244891346435,6.000000000000001,-0.0427551086535658,-0.7125851442260966,True,,D:\HNOCS\out\experimental results\B-2-v4-ablation\comm-only\seed_43\gen_60\mpeg4\metrics.json
figure4,VOPD,comm-only,ablation,B-2-v4-ablation,comm-only,43,ga_seed,,baseline_normalized_v2,0.2396688952562878,6.4163662816165905,5.0,1.4163662816165905,28.3273256323318,True,,D:\HNOCS\out\experimental results\B-2-v4-ablation\comm-only\seed_43\gen_60\vopd\metrics.json
figure4,HNN,comm-only,ablation,B-2-v4-ablation,comm-only,43,ga_seed,,baseline_normalized_v2,0.5470149253731343,6.294930488165166,6.000000000000001,0.2949304881651651,4.9155081360860775,True,,D:\HNOCS\out\experimental results\B-2-v4-ablation\comm-only\seed_43\gen_60\hnn\metrics.json
figure4,GEMM,comm-only,ablation,B-2-v4-ablation,comm-only,44,ga_seed,,baseline_normalized_v2,0.10285204991087343,7.383457086007242,6.000000000000001,1.3834570860072413,23.05761810012068,True,,D:\HNOCS\out\experimental results\B-2-v4-ablation\comm-only\seed_44\gen_60\gemm\metrics.json
figure4,MPEG4,comm-only,ablation,B-2-v4-ablation,comm-only,44,ga_seed,,baseline_normalized_v2,0.21870129870129867,6.926765064998158,6.000000000000001,0.9267650649981567,15.446084416635951,True,,D:\HNOCS\out\experimental results\B-2-v4-ablation\comm-only\seed_44\gen_60\mpeg4\metrics.json
figure4,VOPD,comm-only,ablation,B-2-v4-ablation,comm-only,44,ga_seed,,baseline_normalized_v2,0.22225405921680993,7.35177699974787,5.0,2.3517769997478704,47.0355399949574,True,,D:\HNOCS\out\experimental results\B-2-v4-ablation\comm-only\seed_44\gen_60\vopd\metrics.json
figure4,HNN,comm-only,ablation,B-2-v4-ablation,comm-only,44,ga_seed,,baseline_normalized_v2,0.49776119402985075,5.843607894563964,6.000000000000001,-0.1563921054360371,-2.6065350906006146,True,,D:\HNOCS\out\experimental results\B-2-v4-ablation\comm-only\seed_44\gen_60\hnn\metrics.json
figure4,GEMM,comm-only,ablation,B-2-v4-ablation,comm-only,45,ga_seed,,baseline_normalized_v2,0.11461675579322637,6.942490647655911,6.000000000000001,0.9424906476559105,15.70817746093185,True,,D:\HNOCS\out\experimental results\B-2-v4-ablation\comm-only\seed_45\gen_60\gemm\metrics.json
figure4,MPEG4,comm-only,ablation,B-2-v4-ablation,comm-only,45,ga_seed,,baseline_normalized_v2,0.2263203463203463,5.093543448568608,6.000000000000001,-0.9064565514313925,-15.107609190523208,True,,D:\HNOCS\out\experimental results\B-2-v4-ablation\comm-only\seed_45\gen_60\mpeg4\metrics.json
figure4,VOPD,comm-only,ablation,B-2-v4-ablation,comm-only,45,ga_seed,,baseline_normalized_v2,0.23164597262018463,6.880461443511167,5.0,1.8804614435111668,37.60922887022333,True,,D:\HNOCS\out\experimental results\B-2-v4-ablation\comm-only\seed_45\gen_60\vopd\metrics.json
figure4,HNN,comm-only,ablation,B-2-v4-ablation,comm-only,45,ga_seed,,baseline_normalized_v2,0.5715671641791045,5.65282514564759,6.000000000000001,-0.3471748543524109,-5.786247572540182,True,,D:\HNOCS\out\experimental results\B-2-v4-ablation\comm-only\seed_45\gen_60\hnn\metrics.json
figure4,GEMM,comm-only,ablation,B-2-v4-ablation,comm-only,46,ga_seed,,baseline_normalized_v2,0.11898395721925133,7.312015588131365,6.000000000000001,1.3120155881313638,21.866926468856065,True,,D:\HNOCS\out\experimental results\B-2-v4-ablation\comm-only\seed_46\gen_60\gemm\metrics.json
figure4,MPEG4,comm-only,ablation,B-2-v4-ablation,comm-only,46,ga_seed,,baseline_normalized_v2,0.17298701298701297,5.383851707211302,6.000000000000001,-0.616148292788699,-10.269138213144979,True,,D:\HNOCS\out\experimental results\B-2-v4-ablation\comm-only\seed_46\gen_60\mpeg4\metrics.json
figure4,VOPD,comm-only,ablation,B-2-v4-ablation,comm-only,46,ga_seed,,baseline_normalized_v2,0.2517032792104425,6.409983805045918,5.0,1.4099838050459184,28.19967610091836,True,,D:\HNOCS\out\experimental results\B-2-v4-ablation\comm-only\seed_46\gen_60\vopd\metrics.json
figure4,HNN,comm-only,ablation,B-2-v4-ablation,comm-only,46,ga_seed,,baseline_normalized_v2,0.4516417910447761,5.598482857497673,6.000000000000001,-0.4015171425023283,-6.691952375038801,True,,D:\HNOCS\out\experimental results\B-2-v4-ablation\comm-only\seed_46\gen_60\hnn\metrics.json
figure4,GEMM,comm-only,ablation,B-2-v4-ablation,comm-only,47,ga_seed,,baseline_normalized_v2,0.10285204991087343,6.993191053079472,6.000000000000001,0.993191053079471,16.55318421799119,True,,D:\HNOCS\out\experimental results\B-2-v4-ablation\comm-only\seed_47\gen_60\gemm\metrics.json
figure4,MPEG4,comm-only,ablation,B-2-v4-ablation,comm-only,47,ga_seed,,baseline_normalized_v2,0.1882251082251082,6.50289129886935,6.000000000000001,0.5028912988693488,8.381521647822488,True,,D:\HNOCS\out\experimental results\B-2-v4-ablation\comm-only\seed_47\gen_60\mpeg4\metrics.json
figure4,VOPD,comm-only,ablation,B-2-v4-ablation,comm-only,47,ga_seed,,baseline_normalized_v2,0.2356574339382362,6.227072043083278,5.0,1.227072043083278,24.541440861665563,True,,D:\HNOCS\out\experimental results\B-2-v4-ablation\comm-only\seed_47\gen_60\vopd\metrics.json
figure4,HNN,comm-only,ablation,B-2-v4-ablation,comm-only,47,ga_seed,,baseline_normalized_v2,0.5380597014925373,6.0651951382911005,6.000000000000001,0.06519513829109957,1.0865856381850003,True,,D:\HNOCS\out\experimental results\B-2-v4-ablation\comm-only\seed_47\gen_60\hnn\metrics.json
figure4,GEMM,comm-only,ablation,B-2-v4-ablation,comm-only,48,ga_seed,,baseline_normalized_v2,0.0,8.857975012267797,6.000000000000001,2.8579750122677963,47.632916871129936,True,,D:\HNOCS\out\experimental results\B-2-v4-ablation\comm-only\seed_48\gen_60\gemm\metrics.json
figure4,MPEG4,comm-only,ablation,B-2-v4-ablation,comm-only,48,ga_seed,,baseline_normalized_v2,0.1971861471861472,7.151852991394072,6.000000000000001,1.1518529913940707,19.197549856567854,True,,D:\HNOCS\out\experimental results\B-2-v4-ablation\comm-only\seed_48\gen_60\mpeg4\metrics.json
figure4,VOPD,comm-only,ablation,B-2-v4-ablation,comm-only,48,ga_seed,,baseline_normalized_v2,0.21330786373766314,6.723350039473293,5.0,1.723350039473293,34.46700078946585,True,,D:\HNOCS\out\experimental results\B-2-v4-ablation\comm-only\seed_48\gen_60\vopd\metrics.json
figure4,HNN,comm-only,ablation,B-2-v4-ablation,comm-only,48,ga_seed,,baseline_normalized_v2,0.5380597014925373,6.456241279558006,6.000000000000001,0.45624127955800553,7.604021325966759,True,,D:\HNOCS\out\experimental results\B-2-v4-ablation\comm-only\seed_48\gen_60\hnn\metrics.json
figure4,GEMM,comm-only,ablation,B-2-v4-ablation,comm-only,49,ga_seed,,baseline_normalized_v2,0.0,8.666909192119425,6.000000000000001,2.666909192119424,44.44848653532372,True,,D:\HNOCS\out\experimental results\B-2-v4-ablation\comm-only\seed_49\gen_60\gemm\metrics.json
figure4,MPEG4,comm-only,ablation,B-2-v4-ablation,comm-only,49,ga_seed,,baseline_normalized_v2,0.28995670995670997,6.640946264466458,6.000000000000001,0.6409462644664572,10.68243774110762,True,,D:\HNOCS\out\experimental results\B-2-v4-ablation\comm-only\seed_49\gen_60\mpeg4\metrics.json
figure4,VOPD,comm-only,ablation,B-2-v4-ablation,comm-only,49,ga_seed,,baseline_normalized_v2,0.3025787965616046,5.664053094114829,5.0,0.6640530941148288,13.281061882296585,True,,D:\HNOCS\out\experimental results\B-2-v4-ablation\comm-only\seed_49\gen_60\vopd\metrics.json
figure4,HNN,comm-only,ablation,B-2-v4-ablation,comm-only,49,ga_seed,,baseline_normalized_v2,0.5276119402985074,5.839779260311603,6.000000000000001,-0.16022073968839745,-2.6703456614732946,True,,D:\HNOCS\out\experimental results\B-2-v4-ablation\comm-only\seed_49\gen_60\hnn\metrics.json
figure4,GEMM,wout-thermal,ablation,B-2-v4-ablation,wout-thermal,40,ga_seed,,baseline_normalized_v2,2.2810611188147587,3.9339391468101437,6.000000000000001,-2.066060853189857,-34.43434755316428,True,,D:\HNOCS\out\experimental results\B-2-v4-ablation\wout-thermal\seed_40\gen_60\gemm\metrics.json
figure4,MPEG4,wout-thermal,ablation,B-2-v4-ablation,wout-thermal,40,ga_seed,,baseline_normalized_v2,2.3308207973135873,4.11506525813979,6.000000000000001,-1.884934741860211,-31.415579031003517,True,,D:\HNOCS\out\experimental results\B-2-v4-ablation\wout-thermal\seed_40\gen_60\mpeg4\metrics.json
figure4,VOPD,wout-thermal,ablation,B-2-v4-ablation,wout-thermal,40,ga_seed,,baseline_normalized_v2,2.2888995797970932,4.4150411969020595,5.0,-0.5849588030979405,-11.699176061958806,True,,D:\HNOCS\out\experimental results\B-2-v4-ablation\wout-thermal\seed_40\gen_60\vopd\metrics.json
figure4,HNN,wout-thermal,ablation,B-2-v4-ablation,wout-thermal,40,ga_seed,,baseline_normalized_v2,2.8378916862288652,5.097269500116739,6.000000000000001,-0.9027304998832619,-15.04550833138769,True,,D:\HNOCS\out\experimental results\B-2-v4-ablation\wout-thermal\seed_40\gen_60\hnn\metrics.json
figure4,GEMM,wout-thermal,ablation,B-2-v4-ablation,wout-thermal,41,ga_seed,,baseline_normalized_v2,2.4803488898158466,4.33993589705318,6.000000000000001,-1.660064102946821,-27.667735049113684,True,,D:\HNOCS\out\experimental results\B-2-v4-ablation\wout-thermal\seed_41\gen_60\gemm\metrics.json
figure4,MPEG4,wout-thermal,ablation,B-2-v4-ablation,wout-thermal,41,ga_seed,,baseline_normalized_v2,2.570226693329119,4.41144975271096,6.000000000000001,-1.5885502472890405,-26.47583745481734,True,,D:\HNOCS\out\experimental results\B-2-v4-ablation\wout-thermal\seed_41\gen_60\mpeg4\metrics.json
figure4,VOPD,wout-thermal,ablation,B-2-v4-ablation,wout-thermal,41,ga_seed,,baseline_normalized_v2,2.4266472935097307,4.550221970283686,5.0,-0.4497780297163141,-8.99556059432628,True,,D:\HNOCS\out\experimental results\B-2-v4-ablation\wout-thermal\seed_41\gen_60\vopd\metrics.json
figure4,HNN,wout-thermal,ablation,B-2-v4-ablation,wout-thermal,41,ga_seed,,baseline_normalized_v2,2.873008522755603,5.095942056320546,6.000000000000001,-0.9040579436794545,-15.06763239465757,True,,D:\HNOCS\out\experimental results\B-2-v4-ablation\wout-thermal\seed_41\gen_60\hnn\metrics.json
figure4,GEMM,wout-thermal,ablation,B-2-v4-ablation,wout-thermal,42,ga_seed,,baseline_normalized_v2,2.2941218642588566,3.991833926233945,6.000000000000001,-2.008166073766056,-33.469434562767596,True,,D:\HNOCS\out\experimental results\B-2-v4-ablation\wout-thermal\seed_42\gen_60\gemm\metrics.json
figure4,MPEG4,wout-thermal,ablation,B-2-v4-ablation,wout-thermal,42,ga_seed,,baseline_normalized_v2,2.422519807610618,4.312661814995082,6.000000000000001,-1.6873381850049185,-28.1223030834153,True,,D:\HNOCS\out\experimental results\B-2-v4-ablation\wout-thermal\seed_42\gen_60\mpeg4\metrics.json
figure4,VOPD,wout-thermal,ablation,B-2-v4-ablation,wout-thermal,42,ga_seed,,baseline_normalized_v2,2.3096167162447374,4.376849990802312,5.0,-0.6231500091976878,-12.463000183953755,True,,D:\HNOCS\out\experimental results\B-2-v4-ablation\wout-thermal\seed_42\gen_60\vopd\metrics.json
figure4,HNN,wout-thermal,ablation,B-2-v4-ablation,wout-thermal,42,ga_seed,,baseline_normalized_v2,2.8693522615775136,5.194333631997547,6.000000000000001,-0.8056663680024538,-13.427772800040893,True,,D:\HNOCS\out\experimental results\B-2-v4-ablation\wout-thermal\seed_42\gen_60\hnn\metrics.json
figure4,GEMM,wout-thermal,ablation,B-2-v4-ablation,wout-thermal,43,ga_seed,,baseline_normalized_v2,2.2796576604315435,4.022977950455217,6.000000000000001,-1.977022049544784,-32.950367492413065,True,,D:\HNOCS\out\experimental results\B-2-v4-ablation\wout-thermal\seed_43\gen_60\gemm\metrics.json
figure4,MPEG4,wout-thermal,ablation,B-2-v4-ablation,wout-thermal,43,ga_seed,,baseline_normalized_v2,2.5820908568032164,4.426996610454097,6.000000000000001,-1.573003389545904,-26.2167231590984,True,,D:\HNOCS\out\experimental results\B-2-v4-ablation\wout-thermal\seed_43\gen_60\mpeg4\metrics.json
figure4,VOPD,wout-thermal,ablation,B-2-v4-ablation,wout-thermal,43,ga_seed,,baseline_normalized_v2,2.3629894111573746,4.641849635338398,5.0,-0.35815036466160244,-7.163007293232049,True,,D:\HNOCS\out\experimental results\B-2-v4-ablation\wout-thermal\seed_43\gen_60\vopd\metrics.json
figure4,HNN,wout-thermal,ablation,B-2-v4-ablation,wout-thermal,43,ga_seed,,baseline_normalized_v2,2.9437518059176275,5.312421925005786,6.000000000000001,-0.6875780749942146,-11.45963458323691,True,,D:\HNOCS\out\experimental results\B-2-v4-ablation\wout-thermal\seed_43\gen_60\hnn\metrics.json
figure4,GEMM,wout-thermal,ablation,B-2-v4-ablation,wout-thermal,44,ga_seed,,baseline_normalized_v2,2.264221443248095,3.764643003704245,6.000000000000001,-2.235356996295756,-37.2559499382626,True,,D:\HNOCS\out\experimental results\B-2-v4-ablation\wout-thermal\seed_44\gen_60\gemm\metrics.json
figure4,MPEG4,wout-thermal,ablation,B-2-v4-ablation,wout-thermal,44,ga_seed,,baseline_normalized_v2,2.357452878966292,4.032194807165138,6.000000000000001,-1.967805192834863,-32.79675321391438,True,,D:\HNOCS\out\experimental results\B-2-v4-ablation\wout-thermal\seed_44\gen_60\mpeg4\metrics.json
figure4,VOPD,wout-thermal,ablation,B-2-v4-ablation,wout-thermal,44,ga_seed,,baseline_normalized_v2,2.3450566839424902,4.435516876415205,5.0,-0.5644831235847949,-11.289662471695895,True,,D:\HNOCS\out\experimental results\B-2-v4-ablation\wout-thermal\seed_44\gen_60\vopd\metrics.json
figure4,HNN,wout-thermal,ablation,B-2-v4-ablation,wout-thermal,44,ga_seed,,baseline_normalized_v2,2.78171437214399,5.189439313606884,6.000000000000001,-0.8105606863931172,-13.509344773218611,True,,D:\HNOCS\out\experimental results\B-2-v4-ablation\wout-thermal\seed_44\gen_60\hnn\metrics.json
figure4,GEMM,wout-thermal,ablation,B-2-v4-ablation,wout-thermal,45,ga_seed,,baseline_normalized_v2,2.2642043933930958,3.747563007620672,6.000000000000001,-2.252436992379329,-37.54061653965547,True,,D:\HNOCS\out\experimental results\B-2-v4-ablation\wout-thermal\seed_45\gen_60\gemm\metrics.json
figure4,MPEG4,wout-thermal,ablation,B-2-v4-ablation,wout-thermal,45,ga_seed,,baseline_normalized_v2,2.4491106959666653,4.239364968259967,6.000000000000001,-1.7606350317400343,-29.343917195667235,True,,D:\HNOCS\out\experimental results\B-2-v4-ablation\wout-thermal\seed_45\gen_60\mpeg4\metrics.json
figure4,VOPD,wout-thermal,ablation,B-2-v4-ablation,wout-thermal,45,ga_seed,,baseline_normalized_v2,2.381729454032164,4.400675573610308,5.0,-0.5993244263896917,-11.986488527793837,True,,D:\HNOCS\out\experimental results\B-2-v4-ablation\wout-thermal\seed_45\gen_60\vopd\metrics.json
figure4,HNN,wout-thermal,ablation,B-2-v4-ablation,wout-thermal,45,ga_seed,,baseline_normalized_v2,2.8361725185169773,5.303936972146914,6.000000000000001,-0.6960630278530866,-11.60105046421811,True,,D:\HNOCS\out\experimental results\B-2-v4-ablation\wout-thermal\seed_45\gen_60\hnn\metrics.json
figure4,GEMM,wout-thermal,ablation,B-2-v4-ablation,wout-thermal,46,ga_seed,,baseline_normalized_v2,2.276052653728904,3.80488025928593,6.000000000000001,-2.195119740714071,-36.58532901190118,True,,D:\HNOCS\out\experimental results\B-2-v4-ablation\wout-thermal\seed_46\gen_60\gemm\metrics.json
figure4,MPEG4,wout-thermal,ablation,B-2-v4-ablation,wout-thermal,46,ga_seed,,baseline_normalized_v2,2.3974002813923803,4.243481761076722,6.000000000000001,-1.7565182389232792,-29.275303982054645,True,,D:\HNOCS\out\experimental results\B-2-v4-ablation\wout-thermal\seed_46\gen_60\mpeg4\metrics.json
figure4,VOPD,wout-thermal,ablation,B-2-v4-ablation,wout-thermal,46,ga_seed,,baseline_normalized_v2,2.42349328934918,4.424025825375518,5.0,-0.5759741746244824,-11.519483492489647,True,,D:\HNOCS\out\experimental results\B-2-v4-ablation\wout-thermal\seed_46\gen_60\vopd\metrics.json
figure4,HNN,wout-thermal,ablation,B-2-v4-ablation,wout-thermal,46,ga_seed,,baseline_normalized_v2,2.870752691426389,5.185698131762153,6.000000000000001,-0.8143018682378482,-13.571697803964133,True,,D:\HNOCS\out\experimental results\B-2-v4-ablation\wout-thermal\seed_46\gen_60\hnn\metrics.json
figure4,GEMM,wout-thermal,ablation,B-2-v4-ablation,wout-thermal,47,ga_seed,,baseline_normalized_v2,2.2761074488241038,3.9679569493518074,6.000000000000001,-2.0320430506481935,-33.86738417746989,True,,D:\HNOCS\out\experimental results\B-2-v4-ablation\wout-thermal\seed_47\gen_60\gemm\metrics.json
figure4,MPEG4,wout-thermal,ablation,B-2-v4-ablation,wout-thermal,47,ga_seed,,baseline_normalized_v2,2.4217358783784815,4.357285291881368,6.000000000000001,-1.6427147081186328,-27.378578468643877,True,,D:\HNOCS\out\experimental results\B-2-v4-ablation\wout-thermal\seed_47\gen_60\mpeg4\metrics.json
figure4,VOPD,wout-thermal,ablation,B-2-v4-ablation,wout-thermal,47,ga_seed,,baseline_normalized_v2,2.433824467147129,4.758033959485354,5.0,-0.24196604051464643,-4.839320810292924,True,,D:\HNOCS\out\experimental results\B-2-v4-ablation\wout-thermal\seed_47\gen_60\vopd\metrics.json
figure4,HNN,wout-thermal,ablation,B-2-v4-ablation,wout-thermal,47,ga_seed,,baseline_normalized_v2,2.97607507656886,5.480205687882954,6.000000000000001,-0.519794312117047,-8.663238535284112,True,,D:\HNOCS\out\experimental results\B-2-v4-ablation\wout-thermal\seed_47\gen_60\hnn\metrics.json
figure4,GEMM,wout-thermal,ablation,B-2-v4-ablation,wout-thermal,48,ga_seed,,baseline_normalized_v2,2.2885690703993617,3.870673046967053,6.000000000000001,-2.129326953032948,-35.488782550549125,True,,D:\HNOCS\out\experimental results\B-2-v4-ablation\wout-thermal\seed_48\gen_60\gemm\metrics.json
figure4,MPEG4,wout-thermal,ablation,B-2-v4-ablation,wout-thermal,48,ga_seed,,baseline_normalized_v2,2.6018687236464633,4.463369109912412,6.000000000000001,-1.5366308900875891,-25.61051483479315,True,,D:\HNOCS\out\experimental results\B-2-v4-ablation\wout-thermal\seed_48\gen_60\mpeg4\metrics.json
figure4,VOPD,wout-thermal,ablation,B-2-v4-ablation,wout-thermal,48,ga_seed,,baseline_normalized_v2,2.3458075792441266,4.295213752552893,5.0,-0.7047862474471067,-14.095724948942134,True,,D:\HNOCS\out\experimental results\B-2-v4-ablation\wout-thermal\seed_48\gen_60\vopd\metrics.json
figure4,HNN,wout-thermal,ablation,B-2-v4-ablation,wout-thermal,48,ga_seed,,baseline_normalized_v2,2.767250632329902,5.105520047795803,6.000000000000001,-0.8944799522041977,-14.907999203403289,True,,D:\HNOCS\out\experimental results\B-2-v4-ablation\wout-thermal\seed_48\gen_60\hnn\metrics.json
figure4,GEMM,wout-thermal,ablation,B-2-v4-ablation,wout-thermal,49,ga_seed,,baseline_normalized_v2,2.2771737652958706,3.805609690597536,6.000000000000001,-2.194390309402465,-36.57317182337441,True,,D:\HNOCS\out\experimental results\B-2-v4-ablation\wout-thermal\seed_49\gen_60\gemm\metrics.json
figure4,MPEG4,wout-thermal,ablation,B-2-v4-ablation,wout-thermal,49,ga_seed,,baseline_normalized_v2,2.384714036354217,4.164517053541118,6.000000000000001,-1.8354829464588827,-30.591382440981373,True,,D:\HNOCS\out\experimental results\B-2-v4-ablation\wout-thermal\seed_49\gen_60\mpeg4\metrics.json
figure4,VOPD,wout-thermal,ablation,B-2-v4-ablation,wout-thermal,49,ga_seed,,baseline_normalized_v2,2.4264400320959063,4.613090707799362,5.0,-0.3869092922006381,-7.738185844012757,True,,D:\HNOCS\out\experimental results\B-2-v4-ablation\wout-thermal\seed_49\gen_60\vopd\metrics.json
figure4,HNN,wout-thermal,ablation,B-2-v4-ablation,wout-thermal,49,ga_seed,,baseline_normalized_v2,2.9764463126909484,5.405174748221239,6.000000000000001,-0.5948252517787616,-9.913754196312697,True,,D:\HNOCS\out\experimental results\B-2-v4-ablation\wout-thermal\seed_49\gen_60\hnn\metrics.json
figure4,GEMM,wout-comm,ablation,B-2-v4-ablation,wout-comm,40,ga_seed,,baseline_normalized_v2,3.0855447983897424,3.9397337466963376,6.000000000000001,-2.0602662533036633,-34.33777088839438,True,,D:\HNOCS\out\experimental results\B-2-v4-ablation\wout-comm\seed_40\gen_60\gemm\metrics.json
figure4,MPEG4,wout-comm,ablation,B-2-v4-ablation,wout-comm,40,ga_seed,,baseline_normalized_v2,3.4055459160242516,4.243381413859749,6.000000000000001,-1.7566185861402515,-29.276976435670854,True,,D:\HNOCS\out\experimental results\B-2-v4-ablation\wout-comm\seed_40\gen_60\mpeg4\metrics.json
figure4,VOPD,wout-comm,ablation,B-2-v4-ablation,wout-comm,40,ga_seed,,baseline_normalized_v2,3.6117356158677345,4.615794832677667,5.0,-0.38420516732233256,-7.684103346446647,True,,D:\HNOCS\out\experimental results\B-2-v4-ablation\wout-comm\seed_40\gen_60\vopd\metrics.json
figure4,HNN,wout-comm,ablation,B-2-v4-ablation,wout-comm,40,ga_seed,,baseline_normalized_v2,4.065338025090228,5.280785786284258,6.000000000000001,-0.7192142137157429,-11.986903561929052,True,,D:\HNOCS\out\experimental results\B-2-v4-ablation\wout-comm\seed_40\gen_60\hnn\metrics.json
figure4,GEMM,wout-comm,ablation,B-2-v4-ablation,wout-comm,41,ga_seed,,baseline_normalized_v2,3.1495100399657328,3.9840911451350736,6.000000000000001,-2.0159088548649273,-33.598480914415454,True,,D:\HNOCS\out\experimental results\B-2-v4-ablation\wout-comm\seed_41\gen_60\gemm\metrics.json
figure4,MPEG4,wout-comm,ablation,B-2-v4-ablation,wout-comm,41,ga_seed,,baseline_normalized_v2,3.353497333447004,4.226960536910207,6.000000000000001,-1.7730394630897939,-29.55065771816323,True,,D:\HNOCS\out\experimental results\B-2-v4-ablation\wout-comm\seed_41\gen_60\mpeg4\metrics.json
figure4,VOPD,wout-comm,ablation,B-2-v4-ablation,wout-comm,41,ga_seed,,baseline_normalized_v2,3.700951390466724,4.745332160921993,5.0,-0.2546678390780066,-5.093356781560132,True,,D:\HNOCS\out\experimental results\B-2-v4-ablation\wout-comm\seed_41\gen_60\vopd\metrics.json
figure4,HNN,wout-comm,ablation,B-2-v4-ablation,wout-comm,41,ga_seed,,baseline_normalized_v2,4.268847253072718,5.796309939639882,6.000000000000001,-0.2036900603601186,-3.3948343393353064,True,,D:\HNOCS\out\experimental results\B-2-v4-ablation\wout-comm\seed_41\gen_60\hnn\metrics.json
figure4,GEMM,wout-comm,ablation,B-2-v4-ablation,wout-comm,42,ga_seed,,baseline_normalized_v2,3.165059970395768,3.9408175461533435,6.000000000000001,-2.0591824538466574,-34.319707564110956,True,,D:\HNOCS\out\experimental results\B-2-v4-ablation\wout-comm\seed_42\gen_60\gemm\metrics.json
figure4,MPEG4,wout-comm,ablation,B-2-v4-ablation,wout-comm,42,ga_seed,,baseline_normalized_v2,3.384596043392652,4.385115523912132,6.000000000000001,-1.6148844760878687,-26.914741268131138,True,,D:\HNOCS\out\experimental results\B-2-v4-ablation\wout-comm\seed_42\gen_60\mpeg4\metrics.json
figure4,VOPD,wout-comm,ablation,B-2-v4-ablation,wout-comm,42,ga_seed,,baseline_normalized_v2,3.7890723271486464,4.960132499068417,5.0,-0.03986750093158342,-0.7973500186316707,True,,D:\HNOCS\out\experimental results\B-2-v4-ablation\wout-comm\seed_42\gen_60\vopd\metrics.json
figure4,HNN,wout-comm,ablation,B-2-v4-ablation,wout-comm,42,ga_seed,,baseline_normalized_v2,4.127127540628179,5.270261868986388,6.000000000000001,-0.7297381310136126,-12.162302183560215,True,,D:\HNOCS\out\experimental results\B-2-v4-ablation\wout-comm\seed_42\gen_60\hnn\metrics.json
figure4,GEMM,wout-comm,ablation,B-2-v4-ablation,wout-comm,43,ga_seed,,baseline_normalized_v2,3.0860806977070236,4.067096740487772,6.000000000000001,-1.932903259512229,-32.215054325203816,True,,D:\HNOCS\out\experimental results\B-2-v4-ablation\wout-comm\seed_43\gen_60\gemm\metrics.json
figure4,MPEG4,wout-comm,ablation,B-2-v4-ablation,wout-comm,43,ga_seed,,baseline_normalized_v2,3.406551017235546,4.432611623296152,6.000000000000001,-1.5673883767038488,-26.123139611730807,True,,D:\HNOCS\out\experimental results\B-2-v4-ablation\wout-comm\seed_43\gen_60\mpeg4\metrics.json
figure4,VOPD,wout-comm,ablation,B-2-v4-ablation,wout-comm,43,ga_seed,,baseline_normalized_v2,3.705520336922757,4.578458891523202,5.0,-0.4215411084767977,-8.430822169535956,True,,D:\HNOCS\out\experimental results\B-2-v4-ablation\wout-comm\seed_43\gen_60\vopd\metrics.json
figure4,HNN,wout-comm,ablation,B-2-v4-ablation,wout-comm,43,ga_seed,,baseline_normalized_v2,4.205201748742246,5.387813689040753,6.000000000000001,-0.612186310959248,-10.203105182654138,True,,D:\HNOCS\out\experimental results\B-2-v4-ablation\wout-comm\seed_43\gen_60\hnn\metrics.json
figure4,GEMM,wout-comm,ablation,B-2-v4-ablation,wout-comm,44,ga_seed,,baseline_normalized_v2,3.155055558645739,3.9896366638150798,6.000000000000001,-2.010363336184921,-33.50605560308202,True,,D:\HNOCS\out\experimental results\B-2-v4-ablation\wout-comm\seed_44\gen_60\gemm\metrics.json
figure4,MPEG4,wout-comm,ablation,B-2-v4-ablation,wout-comm,44,ga_seed,,baseline_normalized_v2,3.390498232290487,4.458463600255855,6.000000000000001,-1.541536399744146,-25.692273329069092,True,,D:\HNOCS\out\experimental results\B-2-v4-ablation\wout-comm\seed_44\gen_60\mpeg4\metrics.json
figure4,VOPD,wout-comm,ablation,B-2-v4-ablation,wout-comm,44,ga_seed,,baseline_normalized_v2,3.6921062534531424,4.759377823016975,5.0,-0.2406221769830248,-4.812443539660494,True,,D:\HNOCS\out\experimental results\B-2-v4-ablation\wout-comm\seed_44\gen_60\vopd\metrics.json
figure4,HNN,wout-comm,ablation,B-2-v4-ablation,wout-comm,44,ga_seed,,baseline_normalized_v2,4.173725486698312,5.517232949384878,6.000000000000001,-0.4827670506151227,-8.04611751025205,True,,D:\HNOCS\out\experimental results\B-2-v4-ablation\wout-comm\seed_44\gen_60\hnn\metrics.json
figure4,GEMM,wout-comm,ablation,B-2-v4-ablation,wout-comm,45,ga_seed,,baseline_normalized_v2,3.086192002464016,4.003571681608402,6.000000000000001,-1.9964283183915992,-33.27380530652665,True,,D:\HNOCS\out\experimental results\B-2-v4-ablation\wout-comm\seed_45\gen_60\gemm\metrics.json
figure4,MPEG4,wout-comm,ablation,B-2-v4-ablation,wout-comm,45,ga_seed,,baseline_normalized_v2,3.42297868967174,4.449039295732346,6.000000000000001,-1.5509607042676548,-25.849345071127573,True,,D:\HNOCS\out\experimental results\B-2-v4-ablation\wout-comm\seed_45\gen_60\mpeg4\metrics.json
figure4,VOPD,wout-comm,ablation,B-2-v4-ablation,wout-comm,45,ga_seed,,baseline_normalized_v2,3.695453515678368,4.862343041307149,5.0,-0.1376569586928511,-2.753139173857022,True,,D:\HNOCS\out\experimental results\B-2-v4-ablation\wout-comm\seed_45\gen_60\vopd\metrics.json
figure4,HNN,wout-comm,ablation,B-2-v4-ablation,wout-comm,45,ga_seed,,baseline_normalized_v2,4.068953549076674,5.458729668479661,6.000000000000001,-0.54127033152034,-9.021172192005666,True,,D:\HNOCS\out\experimental results\B-2-v4-ablation\wout-comm\seed_45\gen_60\hnn\metrics.json
figure4,GEMM,wout-comm,ablation,B-2-v4-ablation,wout-comm,46,ga_seed,,baseline_normalized_v2,3.1447606590780857,4.104831960325857,6.000000000000001,-1.895168039674144,-31.586133994569067,True,,D:\HNOCS\out\experimental results\B-2-v4-ablation\wout-comm\seed_46\gen_60\gemm\metrics.json
figure4,MPEG4,wout-comm,ablation,B-2-v4-ablation,wout-comm,46,ga_seed,,baseline_normalized_v2,3.384945001562326,4.320702577319901,6.000000000000001,-1.6792974226800998,-27.988290378001658,True,,D:\HNOCS\out\experimental results\B-2-v4-ablation\wout-comm\seed_46\gen_60\mpeg4\metrics.json
figure4,VOPD,wout-comm,ablation,B-2-v4-ablation,wout-comm,46,ga_seed,,baseline_normalized_v2,3.6881476549750185,4.542111360801189,5.0,-0.45788863919881084,-9.157772783976215,True,,D:\HNOCS\out\experimental results\B-2-v4-ablation\wout-comm\seed_46\gen_60\vopd\metrics.json
figure4,HNN,wout-comm,ablation,B-2-v4-ablation,wout-comm,46,ga_seed,,baseline_normalized_v2,4.12100542609113,5.230632291762772,6.000000000000001,-0.7693677082372288,-12.822795137287146,True,,D:\HNOCS\out\experimental results\B-2-v4-ablation\wout-comm\seed_46\gen_60\hnn\metrics.json
figure4,GEMM,wout-comm,ablation,B-2-v4-ablation,wout-comm,47,ga_seed,,baseline_normalized_v2,3.1370432969320476,3.972070034899962,6.000000000000001,-2.027929965100039,-33.798832751667305,True,,D:\HNOCS\out\experimental results\B-2-v4-ablation\wout-comm\seed_47\gen_60\gemm\metrics.json
figure4,MPEG4,wout-comm,ablation,B-2-v4-ablation,wout-comm,47,ga_seed,,baseline_normalized_v2,3.393144990037054,4.527430704322768,6.000000000000001,-1.472569295677233,-24.542821594620545,True,,D:\HNOCS\out\experimental results\B-2-v4-ablation\wout-comm\seed_47\gen_60\mpeg4\metrics.json
figure4,VOPD,wout-comm,ablation,B-2-v4-ablation,wout-comm,47,ga_seed,,baseline_normalized_v2,3.7648796957273603,4.969718918904691,5.0,-0.030281081095308693,-0.6056216219061716,True,,D:\HNOCS\out\experimental results\B-2-v4-ablation\wout-comm\seed_47\gen_60\vopd\metrics.json
figure4,HNN,wout-comm,ablation,B-2-v4-ablation,wout-comm,47,ga_seed,,baseline_normalized_v2,3.96637961788968,5.018618423859829,6.000000000000001,-0.9813815761401719,-16.35635960233619,True,,D:\HNOCS\out\experimental results\B-2-v4-ablation\wout-comm\seed_47\gen_60\hnn\metrics.json
figure4,GEMM,wout-comm,ablation,B-2-v4-ablation,wout-comm,48,ga_seed,,baseline_normalized_v2,3.120410961516604,4.354635560447085,6.000000000000001,-1.6453644395529157,-27.42274065921526,True,,D:\HNOCS\out\experimental results\B-2-v4-ablation\wout-comm\seed_48\gen_60\gemm\metrics.json
figure4,MPEG4,wout-comm,ablation,B-2-v4-ablation,wout-comm,48,ga_seed,,baseline_normalized_v2,3.4273243755693943,4.5221728604178795,6.000000000000001,-1.4778271395821214,-24.63045232636869,True,,D:\HNOCS\out\experimental results\B-2-v4-ablation\wout-comm\seed_48\gen_60\mpeg4\metrics.json
figure4,VOPD,wout-comm,ablation,B-2-v4-ablation,wout-comm,48,ga_seed,,baseline_normalized_v2,3.649139319842242,4.551972812360549,5.0,-0.44802718763945126,-8.960543752789029,True,,D:\HNOCS\out\experimental results\B-2-v4-ablation\wout-comm\seed_48\gen_60\vopd\metrics.json
figure4,HNN,wout-comm,ablation,B-2-v4-ablation,wout-comm,48,ga_seed,,baseline_normalized_v2,3.8900228552969307,5.231216885147677,6.000000000000001,-0.7687831148523241,-12.813051914205397,True,,D:\HNOCS\out\experimental results\B-2-v4-ablation\wout-comm\seed_48\gen_60\hnn\metrics.json
figure4,GEMM,wout-comm,ablation,B-2-v4-ablation,wout-comm,49,ga_seed,,baseline_normalized_v2,3.0853002347560032,3.939489183062599,6.000000000000001,-2.060510816937402,-34.3418469489567,True,,D:\HNOCS\out\experimental results\B-2-v4-ablation\wout-comm\seed_49\gen_60\gemm\metrics.json
figure4,MPEG4,wout-comm,ablation,B-2-v4-ablation,wout-comm,49,ga_seed,,baseline_normalized_v2,3.3877342706037883,4.432842495712014,6.000000000000001,-1.5671575042879873,-26.11929173813312,True,,D:\HNOCS\out\experimental results\B-2-v4-ablation\wout-comm\seed_49\gen_60\mpeg4\metrics.json
figure4,VOPD,wout-comm,ablation,B-2-v4-ablation,wout-comm,49,ga_seed,,baseline_normalized_v2,3.695987812313411,4.73958857640128,5.0,-0.26041142359872005,-5.2082284719743965,True,,D:\HNOCS\out\experimental results\B-2-v4-ablation\wout-comm\seed_49\gen_60\vopd\metrics.json
figure4,HNN,wout-comm,ablation,B-2-v4-ablation,wout-comm,49,ga_seed,,baseline_normalized_v2,4.138058806141303,5.476417015096527,6.000000000000001,-0.5235829849034737,-8.726383081724565,True,,D:\HNOCS\out\experimental results\B-2-v4-ablation\wout-comm\seed_49\gen_60\hnn\metrics.json
figure4,GEMM,CommAware-Heuristic,main_baseline,comm-aware-baseline-v1,,,none,CommAware-Heuristic,raw_comm_cost + lambda_cong * max_edge_load,8.166037408710636,8.166037408710636,6.000000000000001,2.1660374087106353,36.10062347851057,True,,D:\HNOCS\out\experimental results\comm-aware-baseline-v1\gemm\comm_aware\metrics.json
figure4,MPEG4,CommAware-Heuristic,main_baseline,comm-aware-baseline-v1,,,none,CommAware-Heuristic,raw_comm_cost + lambda_cong * max_edge_load,7.341626176097999,7.341626176097999,6.000000000000001,1.3416261760979982,22.360436268299978,True,,D:\HNOCS\out\experimental results\comm-aware-baseline-v1\mpeg4\comm_aware\metrics.json
figure4,VOPD,CommAware-Heuristic,main_baseline,comm-aware-baseline-v1,,,none,CommAware-Heuristic,raw_comm_cost + lambda_cong * max_edge_load,8.896455532844945,8.896455532844945,5.0,3.8964555328449446,77.9291106568989,True,,D:\HNOCS\out\experimental results\comm-aware-baseline-v1\vopd\comm_aware\metrics.json
figure4,HNN,CommAware-Heuristic,main_baseline,comm-aware-baseline-v1,,,none,CommAware-Heuristic,raw_comm_cost + lambda_cong * max_edge_load,7.069626153237407,7.069626153237407,6.000000000000001,1.0696261532374063,17.827102553956763,True,,D:\HNOCS\out\experimental results\comm-aware-baseline-v1\hnn\comm_aware\metrics.json
figure4,GEMM,Thermal-SA-TAS,main_baseline,thermal-sa-tas-results,,40,tas_seed,Thermal-SA-TAS,thermal_sa_tas_proxy_then_full_eval,5.629589834537457,5.629589834537457,6.000000000000001,-0.3704101654625438,-6.173502757709059,True,,D:\HNOCS\out\experimental results\thermal-sa-tas-results\final\seed_40\gemm\thermal_sa_tas\metrics.json
figure4,MPEG4,Thermal-SA-TAS,main_baseline,thermal-sa-tas-results,,40,tas_seed,Thermal-SA-TAS,thermal_sa_tas_proxy_then_full_eval,4.784364191150023,4.784364191150023,6.000000000000001,-1.215635808849978,-20.2605968141663,True,,D:\HNOCS\out\experimental results\thermal-sa-tas-results\final\seed_40\mpeg4\thermal_sa_tas\metrics.json
figure4,VOPD,Thermal-SA-TAS,main_baseline,thermal-sa-tas-results,,40,tas_seed,Thermal-SA-TAS,thermal_sa_tas_proxy_then_full_eval,4.500405935446183,4.500405935446183,5.0,-0.4995940645538166,-9.991881291076332,True,,D:\HNOCS\out\experimental results\thermal-sa-tas-results\final\seed_40\vopd\thermal_sa_tas\metrics.json
figure4,HNN,Thermal-SA-TAS,main_baseline,thermal-sa-tas-results,,40,tas_seed,Thermal-SA-TAS,thermal_sa_tas_proxy_then_full_eval,5.862669780607964,5.862669780607964,6.000000000000001,-0.1373302193920365,-2.288836989867271,True,,D:\HNOCS\out\experimental results\thermal-sa-tas-results\final\seed_40\hnn\thermal_sa_tas\metrics.json
figure4,GEMM,Thermal-SA-TAS,main_baseline,thermal-sa-tas-results,,41,tas_seed,Thermal-SA-TAS,thermal_sa_tas_proxy_then_full_eval,5.079304893047821,5.079304893047821,6.000000000000001,-0.9206951069521798,-15.344918449202993,True,,D:\HNOCS\out\experimental results\thermal-sa-tas-results\final\seed_41\gemm\thermal_sa_tas\metrics.json
figure4,MPEG4,Thermal-SA-TAS,main_baseline,thermal-sa-tas-results,,41,tas_seed,Thermal-SA-TAS,thermal_sa_tas_proxy_then_full_eval,4.484225016396434,4.484225016396434,6.000000000000001,-1.515774983603567,-25.262916393392775,True,,D:\HNOCS\out\experimental results\thermal-sa-tas-results\final\seed_41\mpeg4\thermal_sa_tas\metrics.json
figure4,VOPD,Thermal-SA-TAS,main_baseline,thermal-sa-tas-results,,41,tas_seed,Thermal-SA-TAS,thermal_sa_tas_proxy_then_full_eval,4.4203141255983835,4.4203141255983835,5.0,-0.5796858744016165,-11.593717488032329,True,,D:\HNOCS\out\experimental results\thermal-sa-tas-results\final\seed_41\vopd\thermal_sa_tas\metrics.json
figure4,HNN,Thermal-SA-TAS,main_baseline,thermal-sa-tas-results,,41,tas_seed,Thermal-SA-TAS,thermal_sa_tas_proxy_then_full_eval,5.461764203443082,5.461764203443082,6.000000000000001,-0.5382357965569184,-8.970596609281978,True,,D:\HNOCS\out\experimental results\thermal-sa-tas-results\final\seed_41\hnn\thermal_sa_tas\metrics.json
figure4,GEMM,Thermal-SA-TAS,main_baseline,thermal-sa-tas-results,,42,tas_seed,Thermal-SA-TAS,thermal_sa_tas_proxy_then_full_eval,5.305345797973735,5.305345797973735,6.000000000000001,-0.6946542020262658,-11.577570033771101,True,,D:\HNOCS\out\experimental results\thermal-sa-tas-results\final\seed_42\gemm\thermal_sa_tas\metrics.json
figure4,MPEG4,Thermal-SA-TAS,main_baseline,thermal-sa-tas-results,,42,tas_seed,Thermal-SA-TAS,thermal_sa_tas_proxy_then_full_eval,4.751908730696307,4.751908730696307,6.000000000000001,-1.2480912693036936,-20.801521155061554,True,,D:\HNOCS\out\experimental results\thermal-sa-tas-results\final\seed_42\mpeg4\thermal_sa_tas\metrics.json
figure4,VOPD,Thermal-SA-TAS,main_baseline,thermal-sa-tas-results,,42,tas_seed,Thermal-SA-TAS,thermal_sa_tas_proxy_then_full_eval,4.495672639161093,4.495672639161093,5.0,-0.5043273608389072,-10.086547216778142,True,,D:\HNOCS\out\experimental results\thermal-sa-tas-results\final\seed_42\vopd\thermal_sa_tas\metrics.json
figure4,HNN,Thermal-SA-TAS,main_baseline,thermal-sa-tas-results,,42,tas_seed,Thermal-SA-TAS,thermal_sa_tas_proxy_then_full_eval,5.800742571998024,5.800742571998024,6.000000000000001,-0.1992574280019772,-3.320957133366287,True,,D:\HNOCS\out\experimental results\thermal-sa-tas-results\final\seed_42\hnn\thermal_sa_tas\metrics.json
figure4,GEMM,Thermal-SA-TAS,main_baseline,thermal-sa-tas-results,,43,tas_seed,Thermal-SA-TAS,thermal_sa_tas_proxy_then_full_eval,5.673327095517712,5.673327095517712,6.000000000000001,-0.3266729044822885,-5.444548408038141,True,,D:\HNOCS\out\experimental results\thermal-sa-tas-results\final\seed_43\gemm\thermal_sa_tas\metrics.json
figure4,MPEG4,Thermal-SA-TAS,main_baseline,thermal-sa-tas-results,,43,tas_seed,Thermal-SA-TAS,thermal_sa_tas_proxy_then_full_eval,5.107920264387843,5.107920264387843,6.000000000000001,-0.8920797356121577,-14.867995593535955,True,,D:\HNOCS\out\experimental results\thermal-sa-tas-results\final\seed_43\mpeg4\thermal_sa_tas\metrics.json
figure4,VOPD,Thermal-SA-TAS,main_baseline,thermal-sa-tas-results,,43,tas_seed,Thermal-SA-TAS,thermal_sa_tas_proxy_then_full_eval,4.4712267260623575,4.4712267260623575,5.0,-0.5287732739376425,-10.575465478752854,True,,D:\HNOCS\out\experimental results\thermal-sa-tas-results\final\seed_43\vopd\thermal_sa_tas\metrics.json
figure4,HNN,Thermal-SA-TAS,main_baseline,thermal-sa-tas-results,,43,tas_seed,Thermal-SA-TAS,thermal_sa_tas_proxy_then_full_eval,5.605087605548738,5.605087605548738,6.000000000000001,-0.39491239445126247,-6.5818732408543745,True,,D:\HNOCS\out\experimental results\thermal-sa-tas-results\final\seed_43\hnn\thermal_sa_tas\metrics.json
figure4,GEMM,Thermal-SA-TAS,main_baseline,thermal-sa-tas-results,,44,tas_seed,Thermal-SA-TAS,thermal_sa_tas_proxy_then_full_eval,5.324742917416223,5.324742917416223,6.000000000000001,-0.6752570825837783,-11.254284709729633,True,,D:\HNOCS\out\experimental results\thermal-sa-tas-results\final\seed_44\gemm\thermal_sa_tas\metrics.json
figure4,MPEG4,Thermal-SA-TAS,main_baseline,thermal-sa-tas-results,,44,tas_seed,Thermal-SA-TAS,thermal_sa_tas_proxy_then_full_eval,4.665131664017669,4.665131664017669,6.000000000000001,-1.334868335982332,-22.24780559970553,True,,D:\HNOCS\out\experimental results\thermal-sa-tas-results\final\seed_44\mpeg4\thermal_sa_tas\metrics.json
figure4,VOPD,Thermal-SA-TAS,main_baseline,thermal-sa-tas-results,,44,tas_seed,Thermal-SA-TAS,thermal_sa_tas_proxy_then_full_eval,4.560160380328002,4.560160380328002,5.0,-0.43983961967199825,-8.796792393439967,True,,D:\HNOCS\out\experimental results\thermal-sa-tas-results\final\seed_44\vopd\thermal_sa_tas\metrics.json
figure4,HNN,Thermal-SA-TAS,main_baseline,thermal-sa-tas-results,,44,tas_seed,Thermal-SA-TAS,thermal_sa_tas_proxy_then_full_eval,5.740239120300122,5.740239120300122,6.000000000000001,-0.25976087969987915,-4.32934799499799,True,,D:\HNOCS\out\experimental results\thermal-sa-tas-results\final\seed_44\hnn\thermal_sa_tas\metrics.json
figure4,GEMM,Thermal-SA-TAS,main_baseline,thermal-sa-tas-results,,45,tas_seed,Thermal-SA-TAS,thermal_sa_tas_proxy_then_full_eval,4.175246227443791,4.175246227443791,6.000000000000001,-1.8247537725562095,-30.41256287593682,True,,D:\HNOCS\out\experimental results\thermal-sa-tas-results\final\seed_45\gemm\thermal_sa_tas\metrics.json
figure4,MPEG4,Thermal-SA-TAS,main_baseline,thermal-sa-tas-results,,45,tas_seed,Thermal-SA-TAS,thermal_sa_tas_proxy_then_full_eval,5.2506967877382245,5.2506967877382245,6.000000000000001,-0.7493032122617764,-12.488386871029611,True,,D:\HNOCS\out\experimental results\thermal-sa-tas-results\final\seed_45\mpeg4\thermal_sa_tas\metrics.json
figure4,VOPD,Thermal-SA-TAS,main_baseline,thermal-sa-tas-results,,45,tas_seed,Thermal-SA-TAS,thermal_sa_tas_proxy_then_full_eval,4.6597510505827575,4.6597510505827575,5.0,-0.3402489494172425,-6.804978988344845,True,,D:\HNOCS\out\experimental results\thermal-sa-tas-results\final\seed_45\vopd\thermal_sa_tas\metrics.json
figure4,HNN,Thermal-SA-TAS,main_baseline,thermal-sa-tas-results,,45,tas_seed,Thermal-SA-TAS,thermal_sa_tas_proxy_then_full_eval,5.642410713088208,5.642410713088208,6.000000000000001,-0.3575892869117929,-5.959821448529878,True,,D:\HNOCS\out\experimental results\thermal-sa-tas-results\final\seed_45\hnn\thermal_sa_tas\metrics.json
figure4,GEMM,Thermal-SA-TAS,main_baseline,thermal-sa-tas-results,,46,tas_seed,Thermal-SA-TAS,thermal_sa_tas_proxy_then_full_eval,4.215451395712877,4.215451395712877,6.000000000000001,-1.7845486042871235,-29.742476738118718,True,,D:\HNOCS\out\experimental results\thermal-sa-tas-results\final\seed_46\gemm\thermal_sa_tas\metrics.json
figure4,MPEG4,Thermal-SA-TAS,main_baseline,thermal-sa-tas-results,,46,tas_seed,Thermal-SA-TAS,thermal_sa_tas_proxy_then_full_eval,5.526586765851798,5.526586765851798,6.000000000000001,-0.4734132341482029,-7.890220569136719,True,,D:\HNOCS\out\experimental results\thermal-sa-tas-results\final\seed_46\mpeg4\thermal_sa_tas\metrics.json
figure4,VOPD,Thermal-SA-TAS,main_baseline,thermal-sa-tas-results,,46,tas_seed,Thermal-SA-TAS,thermal_sa_tas_proxy_then_full_eval,4.461263628145077,4.461263628145077,5.0,-0.538736371854923,-10.774727437098463,True,,D:\HNOCS\out\experimental results\thermal-sa-tas-results\final\seed_46\vopd\thermal_sa_tas\metrics.json
figure4,HNN,Thermal-SA-TAS,main_baseline,thermal-sa-tas-results,,46,tas_seed,Thermal-SA-TAS,thermal_sa_tas_proxy_then_full_eval,5.841167143120834,5.841167143120834,6.000000000000001,-0.15883285687916704,-2.6472142813194544,True,,D:\HNOCS\out\experimental results\thermal-sa-tas-results\final\seed_46\hnn\thermal_sa_tas\metrics.json
figure4,GEMM,Thermal-SA-TAS,main_baseline,thermal-sa-tas-results,,47,tas_seed,Thermal-SA-TAS,thermal_sa_tas_proxy_then_full_eval,5.122894753199276,5.122894753199276,6.000000000000001,-0.877105246800725,-14.618420780012077,True,,D:\HNOCS\out\experimental results\thermal-sa-tas-results\final\seed_47\gemm\thermal_sa_tas\metrics.json
figure4,MPEG4,Thermal-SA-TAS,main_baseline,thermal-sa-tas-results,,47,tas_seed,Thermal-SA-TAS,thermal_sa_tas_proxy_then_full_eval,4.795923694248428,4.795923694248428,6.000000000000001,-1.204076305751573,-20.06793842919288,True,,D:\HNOCS\out\experimental results\thermal-sa-tas-results\final\seed_47\mpeg4\thermal_sa_tas\metrics.json
figure4,VOPD,Thermal-SA-TAS,main_baseline,thermal-sa-tas-results,,47,tas_seed,Thermal-SA-TAS,thermal_sa_tas_proxy_then_full_eval,4.528433387477688,4.528433387477688,5.0,-0.47156661252231213,-9.431332250446244,True,,D:\HNOCS\out\experimental results\thermal-sa-tas-results\final\seed_47\vopd\thermal_sa_tas\metrics.json
figure4,HNN,Thermal-SA-TAS,main_baseline,thermal-sa-tas-results,,47,tas_seed,Thermal-SA-TAS,thermal_sa_tas_proxy_then_full_eval,6.011385173675362,6.011385173675362,6.000000000000001,0.01138517367536096,0.18975289458935674,True,,D:\HNOCS\out\experimental results\thermal-sa-tas-results\final\seed_47\hnn\thermal_sa_tas\metrics.json
figure4,GEMM,Thermal-SA-TAS,main_baseline,thermal-sa-tas-results,,48,tas_seed,Thermal-SA-TAS,thermal_sa_tas_proxy_then_full_eval,4.992322167442084,4.992322167442084,6.000000000000001,-1.007677832557917,-16.79463054263195,True,,D:\HNOCS\out\experimental results\thermal-sa-tas-results\final\seed_48\gemm\thermal_sa_tas\metrics.json
figure4,MPEG4,Thermal-SA-TAS,main_baseline,thermal-sa-tas-results,,48,tas_seed,Thermal-SA-TAS,thermal_sa_tas_proxy_then_full_eval,4.969755692278503,4.969755692278503,6.000000000000001,-1.0302443077214978,-17.17073846202496,True,,D:\HNOCS\out\experimental results\thermal-sa-tas-results\final\seed_48\mpeg4\thermal_sa_tas\metrics.json
figure4,VOPD,Thermal-SA-TAS,main_baseline,thermal-sa-tas-results,,48,tas_seed,Thermal-SA-TAS,thermal_sa_tas_proxy_then_full_eval,4.416684123903808,4.416684123903808,5.0,-0.5833158760961918,-11.66631752192384,True,,D:\HNOCS\out\experimental results\thermal-sa-tas-results\final\seed_48\vopd\thermal_sa_tas\metrics.json
figure4,HNN,Thermal-SA-TAS,main_baseline,thermal-sa-tas-results,,48,tas_seed,Thermal-SA-TAS,thermal_sa_tas_proxy_then_full_eval,5.51993561021938,5.51993561021938,6.000000000000001,-0.4800643897806207,-8.001073163010341,True,,D:\HNOCS\out\experimental results\thermal-sa-tas-results\final\seed_48\hnn\thermal_sa_tas\metrics.json
figure4,GEMM,Thermal-SA-TAS,main_baseline,thermal-sa-tas-results,,49,tas_seed,Thermal-SA-TAS,thermal_sa_tas_proxy_then_full_eval,4.73722386821959,4.73722386821959,6.000000000000001,-1.2627761317804111,-21.046268863006844,True,,D:\HNOCS\out\experimental results\thermal-sa-tas-results\final\seed_49\gemm\thermal_sa_tas\metrics.json
figure4,MPEG4,Thermal-SA-TAS,main_baseline,thermal-sa-tas-results,,49,tas_seed,Thermal-SA-TAS,thermal_sa_tas_proxy_then_full_eval,4.854696619594927,4.854696619594927,6.000000000000001,-1.1453033804050738,-19.088389673417893,True,,D:\HNOCS\out\experimental results\thermal-sa-tas-results\final\seed_49\mpeg4\thermal_sa_tas\metrics.json
figure4,VOPD,Thermal-SA-TAS,main_baseline,thermal-sa-tas-results,,49,tas_seed,Thermal-SA-TAS,thermal_sa_tas_proxy_then_full_eval,4.505011357162582,4.505011357162582,5.0,-0.49498864283741817,-9.899772856748367,True,,D:\HNOCS\out\experimental results\thermal-sa-tas-results\final\seed_49\vopd\thermal_sa_tas\metrics.json
figure4,HNN,Thermal-SA-TAS,main_baseline,thermal-sa-tas-results,,49,tas_seed,Thermal-SA-TAS,thermal_sa_tas_proxy_then_full_eval,5.41786078278354,5.41786078278354,6.000000000000001,-0.5821392172164606,-9.702320286941013,True,,D:\HNOCS\out\experimental results\thermal-sa-tas-results\final\seed_49\hnn\thermal_sa_tas\metrics.json
