workload,metric,metric_label,unit,n,valid_count,original_mean,original_std,original_ci95_half,original_min,original_max,thermal_sa_tas_mean,thermal_sa_tas_std,thermal_sa_tas_ci95_half,thermal_sa_tas_min,thermal_sa_tas_max,delta_mean,delta_std,delta_ci95_half,delta_min,delta_max,relative_change_pct_mean,relative_change_pct_std,relative_change_pct_ci95_half,relative_change_pct_min,relative_change_pct_max
GEMM,TR2_composite_cost,TR2 composite cost,cost,10,10,6.000000000000001,0.0,0.0,6.000000000000001,6.000000000000001,5.025544895051056,0.5194183999904566,0.3715695395120086,4.175246227443791,5.673327095517712,-0.9744551049489443,0.5194183999904566,0.3715695395120086,-1.8247537725562095,-0.3266729044822885,-16.240918415815734,8.656973333174275,6.192825658533476,-30.41256287593682,-5.44454840803814
GEMM,T_max_C,T_max,C,10,10,54.93421735578005,0.0,0.0,54.93421735578005,54.93421735578005,53.64019042335503,0.6291347217845852,0.45005586800315317,52.761829627810016,54.36354211567004,-1.2940269324250209,0.6291347217845852,0.45005586800315317,-2.172387727970033,-0.5706752401100061,-2.3555936440202445,1.1452510876964175,0.8192632746333272,-3.954525671860618,-1.0388338408719697
GEMM,sigma_T_K,sigma_T,K,10,10,2.1434761400252804,0.0,0.0,2.1434761400252804,2.1434761400252804,1.3798370358487984,0.10783915983964251,0.07714348772341155,1.2311023928438727,1.517985574722255,-0.7636391041764822,0.10783915983964251,0.07714348772341155,-0.9123737471814077,-0.6254905653030254,-35.626200353574994,5.031040832503535,3.598989803660782,-42.56514593955998,-29.18113029686667
GEMM,N_hot,N_hot,count,10,10,6.0,0.0,0.0,6.0,6.0,0.4,0.5163977794943223,0.3694087177798371,0.0,1.0,-5.6,0.5163977794943223,0.3694087177798371,-6.0,-5.0,-93.33333333333334,8.606629658238699,6.1568119629972795,-100.0,-83.33333333333334
GEMM,makespan_us,makespan,us,10,10,120.405,0.0,0.0,120.405,120.405,157.67918,21.717823849230896,15.535995272808798,116.859,176.2609,37.27418,21.717823849230896,15.535995272808798,-3.5460000000000065,55.85589999999999,30.957335658818153,18.037310617691038,12.90311471517694,-2.945060421078864,46.39001702587101
GEMM,DVFS_penalty_pct,DVFS penalty,%,10,10,1.8350526805555563,0.0,0.0,1.8350526805555563,1.8350526805555563,0.03457193695652175,0.04847495585618982,0.03467689443747147,0.0,0.12066225,-1.8004807435990344,0.048474955856189855,0.034676894437471496,-1.8350526805555563,-1.7143904305555562,-98.11602482463582,2.641611130287234,1.8896947648921527,-100.0,-93.4245893167781
GEMM,comm_cost,comm cost,byte-hop,10,10,104448.0,0.0,0.0,104448.0,104448.0,101273.6,18415.874427605475,13173.92295094295,72704.0,129024.0,-3174.4,18415.874427605475,13173.92295094295,-31744.0,24576.0,-3.0392156862745097,17.631619971282817,12.612901109588456,-30.392156862745097,23.52941176470588
GEMM,congestion_proxy,congestion proxy,byte-hop,10,10,22528.0,0.0,0.0,22528.0,22528.0,17305.6,4248.194680619574,3038.975402612194,10240.0,24576.0,-5222.4,4248.194680619574,3038.975402612194,-12288.0,2048.0,-23.18181818181818,18.857398262693422,13.489770075515779,-54.54545454545454,9.090909090909092
GEMM,load_imbalance,load imbalance,ratio,10,10,0.9202539178734378,0.0,0.0,0.9202539178734378,0.9202539178734378,1.9079944455465185,0.7083656400621888,0.5067342525580008,0.8059908748264233,2.9515969053759177,0.9877405276730807,0.7083656400621888,0.5067342525580008,-0.11426304304701451,2.0313429875024798,107.33347704246606,76.9750202964754,55.0646123549231,-12.416469066609187,220.73722785082995
GEMM,total_PE_optical_energy_mJ,total PE+optical energy,mJ,10,10,1.5708734939939561,0.0,0.0,1.5708734939939561,1.5708734939939561,1.7367740126144604,0.11708282544344506,0.08375600774940796,1.5165689116088634,1.8357257494872248,0.16590051862050417,0.11708282544344506,0.08375600774940796,-0.054304582385092726,0.26485225549326863,10.561036216780321,7.4533580133026,5.331811127352958,-3.456967260108449,16.860189983846503
MPEG4,TR2_composite_cost,TR2 composite cost,cost,10,10,6.000000000000001,0.0,0.0,6.000000000000001,6.000000000000001,4.919120942636016,0.3048239402254347,0.21805791073993877,4.484225016396434,5.526586765851798,-1.0808790573639853,0.3048239402254347,0.21805791073993877,-1.515774983603567,-0.4734132341482029,-18.01465095606642,5.080399003757245,3.634298512332313,-25.262916393392782,-7.890220569136713
MPEG4,T_max_C,T_max,C,10,10,54.44663874680003,0.0,0.0,54.44663874680003,54.44663874680003,53.232494416184025,0.5319980821099737,0.3805685019908932,52.72166136687002,54.168001990280004,-1.2141443306160056,0.5319980821099737,0.3805685019908932,-1.72497737993001,-0.2786367565200294,-2.229971139747105,0.9770999539273497,0.6989751998478697,-3.168198110358817,-0.5117611719169819
MPEG4,sigma_T_K,sigma_T,K,10,10,1.3003837749577485,0.0,0.0,1.3003837749577485,1.3003837749577485,1.157506774343515,0.06865981556914717,0.04911627322881936,1.0735977666197727,1.2721946706009017,-0.14287700061423342,0.06865981556914717,0.04911627322881936,-0.2267860083379758,-0.02818910435684674,-10.987294932903612,5.279965567963044,3.777059832234159,-17.439929096727187,-2.167752697296046
MPEG4,N_hot,N_hot,count,10,10,2.0,0.0,0.0,2.0,2.0,0.1,0.31622776601683794,0.22621571627409914,0.0,1.0,-1.9,0.31622776601683794,0.22621571627409914,-2.0,-1.0,-95.0,15.811388300841896,11.310785813704957,-100.0,-50.0
MPEG4,makespan_us,makespan,us,10,10,122.06989999999999,0.0,0.0,122.06989999999999,122.06989999999999,121.93759,0.3752288707501635,0.26842256400391457,121.2596,122.3616,-0.13230999999999254,0.3752288707501635,0.26842256400391457,-0.8102999999999838,0.29170000000000584,-0.10838871826715069,0.30738852964585334,0.21989250749276815,-0.6638000031129574,0.2389614474985282
MPEG4,DVFS_penalty_pct,DVFS penalty,%,10,10,0.07168423611111063,0.0,0.0,0.07168423611111063,0.07168423611111063,0.0005636875,0.0017825363885661631,0.0012751497156725626,0.0,0.0056368749999999995,-0.07112054861111064,0.0017825363885661631,0.0012751497156725626,-0.07168423611111063,-0.06604736111111063,-99.21365207948051,2.4866504621786456,1.7788425808096495,-100.0,-92.1365207948051
MPEG4,comm_cost,comm cost,byte-hop,10,10,420000.0,0.0,0.0,420000.0,420000.0,471600.0,63984.72039826731,45771.911612344935,404000.0,616000.0,51600.0,63984.72039826731,45771.911612344935,-16000.0,196000.0,12.285714285714285,15.234457237682692,10.89807419341546,-3.8095238095238098,46.666666666666664
MPEG4,congestion_proxy,congestion proxy,byte-hop,10,10,88000.0,0.0,0.0,88000.0,88000.0,88800.0,27635.725670467444,19769.407209379664,56000.0,136000.0,800.0,27635.725670467444,19769.407209379664,-32000.0,48000.0,0.9090909090909085,31.404233716440277,22.465235465204163,-36.36363636363637,54.54545454545454
MPEG4,load_imbalance,load imbalance,ratio,10,10,0.5670623064060744,0.0,0.0,0.5670623064060744,0.5670623064060744,0.7688111619747265,0.16554264109108072,0.11842207153413264,0.5670623064060744,1.0538910665826047,0.20174885556865219,0.16554264109108072,0.11842207153413264,0.0,0.4868287601765303,35.577899163726016,29.19302503815786,20.883432066692578,0.0,85.85101754725191
MPEG4,total_PE_optical_energy_mJ,total PE+optical energy,mJ,10,10,1.1328804365769536,0.0,0.0,1.1328804365769536,1.1328804365769536,1.130645195513803,0.0023167173913554535,0.0016572797850465514,1.1266374271938753,1.1333515436947859,-0.002235241063150628,0.0023167173913554535,0.0016572797850465514,-0.006243009383078313,0.0004711071178322701,-0.19730599902532558,0.20449796082237182,0.14628902852750222,-0.5510739864077653,0.041584893040940867
VOPD,TR2_composite_cost,TR2 composite cost,cost,10,10,5.0,0.0,0.0,5.0,5.0,4.501892335386793,0.07116186856364627,0.05090613411749361,4.416684123903808,4.6597510505827575,-0.4981076646132069,0.07116186856364627,0.05090613411749361,-0.5833158760961918,-0.3402489494172425,-9.962153292264137,1.4232373712729256,1.0181226823498724,-11.666317521923837,-6.80497898834485
VOPD,T_max_C,T_max,C,10,10,52.22271921261,0.0,0.0,52.22271921261,52.22271921261,52.224440377816016,0.4240079779560324,0.3033170352098338,51.623603892660014,53.180842077449995,0.0017211652060154848,0.4240079779560324,0.3033170352098338,-0.5991153199499877,0.9581228648399929,0.003295816901085249,0.8119224436203792,0.5808143271417262,-1.1472311840194676,1.8346858977972158
VOPD,sigma_T_K,sigma_T,K,10,10,0.9870939912641029,0.0,0.0,0.9870939912641029,0.9870939912641029,0.9419502845524721,0.022259941897411612,0.0159238031624164,0.9146805764034436,0.9854874394923582,-0.04514370671163085,0.022259941897411612,0.0159238031624164,-0.07241341486065933,-0.0016065517717447353,-4.5733949462926455,2.25509851082214,1.6132002933199792,-7.3360202272049575,-0.16275570370835057
VOPD,N_hot,N_hot,count,10,10,0.0,0.0,0.0,0.0,0.0,0.0,0.0,0.0,0.0,0.0,0.0,0.0,0.0,0.0,0.0,,,,,
VOPD,makespan_us,makespan,us,10,10,89.3329,0.0,0.0,89.3329,89.3329,88.32249,0.9658078028837372,0.690897281615762,87.3506,90.6447,-1.0104099999999931,0.9658078028837372,0.690897281615762,-1.982299999999995,1.3118000000000052,-1.1310614566413866,1.0811333818601403,0.7733962309695107,-2.2190033011354107,1.4684399588505526
VOPD,DVFS_penalty_pct,DVFS penalty,%,10,10,0.0,0.0,0.0,0.0,0.0,0.0,0.0,0.0,0.0,0.0,0.0,0.0,0.0,0.0,0.0,,,,,
VOPD,comm_cost,comm cost,byte-hop,10,10,1396000.0,0.0,0.0,1396000.0,1396000.0,903200.0,56223.36406394291,40219.77175902724,812000.0,976000.0,-492800.0,56223.36406394291,40219.77175902724,-584000.0,-420000.0,-35.30085959885387,4.0274616091649635,2.8810724755750163,-41.833810888252145,-30.08595988538682
VOPD,congestion_proxy,congestion proxy,byte-hop,10,10,252000.0,0.0,0.0,252000.0,252000.0,146600.0,16493.76986757256,11798.932179960471,128000.0,188000.0,-105400.0,16493.76986757256,11798.932179960471,-124000.0,-64000.0,-41.82539682539682,6.545146772846252,4.682115944428758,-49.2063492063492,-25.396825396825395
VOPD,load_imbalance,load imbalance,ratio,10,10,0.35802469135802467,0.0,0.0,0.35802469135802467,0.35802469135802467,0.35802469135802467,0.0,0.0,0.35802469135802467,0.35802469135802467,0.0,0.0,0.0,0.0,0.0,0.0,0.0,0.0,0.0,0.0
VOPD,total_PE_optical_energy_mJ,total PE+optical energy,mJ,10,10,0.7507385223064373,0.0,0.0,0.7507385223064373,0.7507385223064373,0.7431439609035625,0.005441477796056581,0.0038925987199966575,0.7373896456070562,0.7563155048332689,-0.007594561402874867,0.005441477796056581,0.0038925987199966575,-0.013348876699381118,0.0055769825268315865,-1.0116120562912727,0.7248166484569274,0.5185025950230608,-1.7780993385513735,0.7428661725920024
HNN,TR2_composite_cost,TR2 composite cost,cost,10,10,6.000000000000001,0.0,0.0,6.000000000000001,6.000000000000001,5.690326270478526,0.19301401621491635,0.13807390944498216,5.41786078278354,6.011385173675362,-0.3096737295214754,0.19301401621491635,0.13807390944498216,-0.5821392172164606,0.01138517367536096,-5.161228825357923,3.216900270248605,2.3012318240830356,-9.702320286941008,0.1897528945893493
HNN,T_max_C,T_max,C,10,10,55.66757624162,0.0,0.0,55.66757624162,55.66757624162,57.45798138205801,0.5407916097617952,0.3868590127243086,56.780015583220006,58.34023718635001,1.7904051404380141,0.5407916097617952,0.3868590127243086,1.112439341600009,2.672660944730012,3.216244107102715,0.9714660602691573,0.6949449551120794,1.9983613742613264,4.8011088773284705
HNN,sigma_T_K,sigma_T,K,10,10,2.454372247071413,0.0,0.0,2.454372247071413,2.454372247071413,1.847558799476422,0.09632701045181938,0.06890819215647459,1.7108311181483105,1.988533466322021,-0.6068134475949909,0.09632701045181938,0.06890819215647459,-0.7435411289231024,-0.4658387807493918,-24.723774004495375,3.924710710315354,2.8075689104901134,-30.294554129281114,-18.979956333243106
HNN,N_hot,N_hot,count,10,10,16.0,0.0,0.0,16.0,16.0,13.0,0.816496580927726,0.5840864678533121,12.0,14.0,-3.0,0.816496580927726,0.5840864678533121,-4.0,-2.0,-18.75,5.103103630798287,3.6505404240832,-25.0,-12.5
HNN,makespan_us,makespan,us,10,10,203.177525,0.0,0.0,203.177525,203.177525,208.410392,11.921788452748144,8.528333700979015,197.3466,229.7209,5.232866999999999,11.921788452748144,8.528333700979015,-5.830925000000008,26.543374999999997,2.5755146884479467,5.867670871937309,4.197478880097106,-2.869867127281921,13.064129509403166
HNN,DVFS_penalty_pct,DVFS penalty,%,10,10,11.14198573637825,0.0,0.0,11.14198573637825,11.14198573637825,8.88111509619808,1.4022474309345176,1.0031073835732598,6.888225183639244,11.042064600961563,-2.2608706401801717,1.4022474309345176,1.0031073835732598,-4.253760552739007,-0.09992113541668779,-20.291451574906407,12.585256022687425,9.002949809010651,-38.17775981215454,-0.8967982708005832
HNN,comm_cost,comm cost,byte-hop,10,10,2195456.0,0.0,0.0,2195456.0,2195456.0,1896448.0,193636.80854860443,138519.42824186027,1515520.0,2129920.0,-299008.0,193636.80854860443,138519.42824186027,-679936.0,-65536.0,-13.619402985074627,8.819890198145826,6.309369362987018,-30.970149253731343,-2.9850746268656714
HNN,congestion_proxy,congestion proxy,byte-hop,10,10,163840.0,0.0,0.0,163840.0,163840.0,169574.4,26205.86527732548,18746.5467025975,147456.0,221184.0,5734.4,26205.86527732548,18746.5467025975,-16384.0,57344.0,3.5,15.994790818680103,11.441984071409609,-10.0,35.0
HNN,load_imbalance,load imbalance,ratio,10,10,0.3028095733610822,0.0,0.0,0.3028095733610822,0.3028095733610822,0.2497398543184183,0.05624069134588221,0.0402321669498239,0.15920915712799166,0.32362122788761705,-0.0530697190426639,0.05624069134588221,0.0402321669498239,-0.14360041623309056,0.02081165452653483,-17.525773195876294,18.57295683278103,13.286292934288923,-47.422680412371136,6.872852233676966
HNN,total_PE_optical_energy_mJ,total PE+optical energy,mJ,10,10,4.651317011228462,0.0,0.0,4.651317011228462,4.651317011228462,4.628215117934071,0.09884073592818736,0.07070640303566335,4.525268221483814,4.819974016167746,-0.023101893294391208,0.09884073592818736,0.07070640303566335,-0.12604878974464828,0.16865700493928326,-0.49667423739603916,2.125005362773209,1.5201372614460662,-2.709959124273008,3.626005377232698
