seed,workload,preset,iterations,converged,valid,validity_notes,original_TR2_composite_cost,thermal_sa_tas_TR2_composite_cost,TR2_composite_cost_delta,TR2_composite_cost_relative_change_pct,original_T_max_C,thermal_sa_tas_T_max_C,T_max_C_delta,T_max_C_relative_change_pct,original_sigma_T_K,thermal_sa_tas_sigma_T_K,sigma_T_K_delta,sigma_T_K_relative_change_pct,original_N_hot,thermal_sa_tas_N_hot,N_hot_delta,N_hot_relative_change_pct,original_makespan_us,thermal_sa_tas_makespan_us,makespan_us_delta,makespan_us_relative_change_pct,original_DVFS_penalty_pct,thermal_sa_tas_DVFS_penalty_pct,DVFS_penalty_pct_delta,DVFS_penalty_pct_relative_change_pct,original_comm_cost,thermal_sa_tas_comm_cost,comm_cost_delta,comm_cost_relative_change_pct,original_congestion_proxy,thermal_sa_tas_congestion_proxy,congestion_proxy_delta,congestion_proxy_relative_change_pct,original_load_imbalance,thermal_sa_tas_load_imbalance,load_imbalance_delta,load_imbalance_relative_change_pct,original_total_PE_optical_energy_mJ,thermal_sa_tas_total_PE_optical_energy_mJ,total_PE_optical_energy_mJ_delta,total_PE_optical_energy_mJ_relative_change_pct,history_rows,history_best_field,history_all_best_inf,history_inf_count
40,GEMM,v2_dynamic_thermal,4305,True,True,,6.000000000000001,5.629589834537457,-0.3704101654625438,-6.173502757709063,54.93421735578005,54.30951881033002,-0.6246985454500305,-1.1371756539356634,2.1434761400252804,1.4935925797902843,-0.6498835602349962,-30.31914132840925,6.0,1.0,-5.0,-83.33333333333334,120.405,167.5326,47.1276,39.14089946430796,1.8350526805555563,0.06137375,-1.7736789305555563,-96.65547748844904,104448.0,123904.0,19456.0,18.627450980392158,22528.0,24576.0,2048.0,9.090909090909092,0.9202539178734378,1.8597500495933346,0.9394961317198968,102.09096788100882,1.5708734939939561,1.791637079672102,0.2207635856781458,14.053555968842083,4305,best_score,False,0
40,MPEG4,v2_dynamic_thermal,4277,True,True,,6.000000000000001,4.784364191150023,-1.215635808849978,-20.260596814166295,54.44663874680003,52.975532528030044,-1.4711062187699895,-2.701922933408722,1.3003837749577485,1.1814596545058882,-0.1189241204518603,-9.145309464948093,2.0,0.0,-2.0,-100.0,122.06989999999999,121.2596,-0.8102999999999838,-0.6638000031129574,0.07168423611111063,0.0,-0.07168423611111063,-100.0,420000.0,424000.0,4000.0,0.9523809523809524,88000.0,80000.0,-8000.0,-9.090909090909092,0.5670623064060744,0.8565280557002275,0.28946574929415314,51.04655097404167,1.1328804365769536,1.1266374271938753,-0.006243009383078313,-0.5510739864077653,4277,best_score,False,0
40,VOPD,vopd_steady_sigma,7000,True,True,,5.0,4.500405935446183,-0.4995940645538166,-9.991881291076332,52.22271921261,52.393688915220025,0.17096970261002298,0.32738567655576933,0.9870939912641029,0.9854874394923582,-0.0016065517717447353,-0.16275570370835057,0.0,0.0,0.0,,89.3329,87.3506,-1.982299999999995,-2.2190033011354107,0.0,0.0,0.0,,1396000.0,824000.0,-572000.0,-40.97421203438395,252000.0,136000.0,-116000.0,-46.03174603174603,0.35802469135802467,0.35802469135802467,0.0,0.0,0.7507385223064373,0.7373896456070562,-0.013348876699381118,-1.7780993385513735,7000,best_score,False,0
40,HNN,hnn_dynamic_score,12000,True,True,,6.000000000000001,5.862669780607964,-0.1373302193920365,-2.2888369898672747,55.66757624162,58.34023718635001,2.672660944730012,4.8011088773284705,2.454372247071413,1.9855884323231316,-0.46878381474828124,-19.099947667173954,16.0,13.0,-3.0,-18.75,203.177525,203.374886,0.19736100000000079,0.09713722027079559,11.14198573637825,10.995803817744815,-0.14618191863343633,-1.3119916152482294,2195456.0,2097152.0,-98304.0,-4.477611940298507,163840.0,147456.0,-16384.0,-10.0,0.3028095733610822,0.3048907388137357,0.002081165452653466,0.687285223367691,4.651317011228462,4.709429218059479,0.0581122068310167,1.2493710209545286,12000,best_score,False,0
41,GEMM,v2_dynamic_thermal,4281,True,True,,6.000000000000001,5.079304893047821,-0.9206951069521798,-15.344918449202996,54.93421735578005,53.49392932185003,-1.4402880339300168,-2.6218413645579552,2.1434761400252804,1.4180888013352098,-0.7253873386900707,-33.84163346373967,6.0,0.0,-6.0,-100.0,120.405,166.3948,45.9898,38.195922096258464,1.8350526805555563,0.0,-1.8350526805555563,-100.0,104448.0,88064.0,-16384.0,-15.686274509803921,22528.0,13312.0,-9216.0,-40.909090909090914,0.9202539178734378,2.6976790319381077,1.7774251140646697,193.1450743694762,1.5708734939939561,1.7819086764823213,0.21103518248836517,13.434257010206904,4281,best_score,False,0
41,MPEG4,v2_dynamic_thermal,5000,True,True,,6.000000000000001,4.484225016396434,-1.515774983603567,-25.262916393392782,54.44663874680003,52.919068093160035,-1.527570653639998,-2.8056289401882997,1.3003837749577485,1.0888352795032556,-0.21154849545449284,-16.26815864119547,2.0,0.0,-2.0,-100.0,122.06989999999999,122.2516,0.1817000000000064,0.14884914299102928,0.07168423611111063,0.0,-0.07168423611111063,-100.0,420000.0,420000.0,0.0,0.0,88000.0,56000.0,-32000.0,-36.36363636363637,0.5670623064060744,0.7424960938570763,0.1754337874510019,30.93730362063132,1.1328804365769536,1.131739547221375,-0.001140889355578656,-0.10070695183208402,5000,best_score,False,0
41,VOPD,vopd_steady_sigma,7000,True,True,,5.0,4.4203141255983835,-0.5796858744016165,-11.593717488032329,52.22271921261,51.880627048630004,-0.34209216397999853,-0.6550638671021078,0.9870939912641029,0.9192954242265998,-0.06779856703750309,-6.868501645996057,0.0,0.0,0.0,,89.3329,88.4387,-0.8941999999999979,-1.000975004729498,0.0,0.0,0.0,,1396000.0,884000.0,-512000.0,-36.67621776504298,252000.0,144000.0,-108000.0,-42.857142857142854,0.35802469135802467,0.35802469135802467,0.0,0.0,0.7507385223064373,0.7433498457077405,-0.007388676598696797,-0.9841877536798197,7000,best_score,False,0
41,HNN,hnn_dynamic_score,12000,True,True,,6.000000000000001,5.461764203443082,-0.5382357965569184,-8.970596609281973,55.66757624162,57.03633852473001,1.3687622831100157,2.4588142245838562,2.454372247071413,1.8759245891144185,-0.5784476579569944,-23.568049168059378,16.0,12.0,-4.0,-25.0,203.177525,197.3466,-5.830925000000008,-2.869867127281921,11.14198573637825,8.290044630609044,-2.851941105769207,-25.59634497159428,2195456.0,1515520.0,-679936.0,-30.970149253731343,163840.0,163840.0,0.0,0.0,0.3028095733610822,0.2882414151925078,-0.01456815816857443,-4.810996563573893,4.651317011228462,4.553272346628479,-0.09804466459998373,-2.1078903967048483,12000,best_score,False,0
42,GEMM,v2_dynamic_thermal,3460,True,True,,6.000000000000001,5.305345797973735,-0.6946542020262658,-11.577570033771096,54.93421735578005,54.30952825798005,-0.624689097800001,-1.1371584558203827,2.1434761400252804,1.517985574722255,-0.6254905653030254,-29.18113029686667,6.0,1.0,-5.0,-83.33333333333334,120.405,167.2726,46.86760000000001,38.924961587973925,1.8350526805555563,0.0555896195652175,-1.7794630609903388,-96.97067990721727,104448.0,72704.0,-31744.0,-30.392156862745097,22528.0,20480.0,-2048.0,-9.090909090909092,0.9202539178734378,1.8216623685776632,0.9014084507042254,97.95214485880578,1.5708734939939561,1.7911839485846508,0.22031045459069465,14.024710164951212,3460,best_score,False,0
42,MPEG4,v2_dynamic_thermal,4637,True,True,,6.000000000000001,4.751908730696307,-1.2480912693036936,-20.801521155061558,54.44663874680003,53.71005748035003,-0.7365812664500027,-1.352849842348245,1.3003837749577485,1.136873742645858,-0.16351003231189054,-12.573982808821437,2.0,0.0,-2.0,-100.0,122.06989999999999,122.3616,0.29170000000000584,0.2389614474985282,0.07168423611111063,0.0,-0.07168423611111063,-100.0,420000.0,504000.0,84000.0,20.0,88000.0,72000.0,-16000.0,-18.181818181818183,0.5670623064060744,0.5670623064060744,0.0,0.0,1.1328804365769536,1.1329406837598828,6.024718292918507e-05,0.0053180530781539925,4637,best_score,False,0
42,VOPD,vopd_steady_sigma,7000,True,True,,5.0,4.495672639161093,-0.5043273608389072,-10.086547216778143,52.22271921261,52.145035321130024,-0.07768389147997823,-0.1487549722635282,0.9870939912641029,0.9146805764034436,-0.07241341486065933,-7.3360202272049575,0.0,0.0,0.0,,89.3329,90.6447,1.3118000000000052,1.4684399588505526,0.0,0.0,0.0,,1396000.0,902000.0,-494000.0,-35.38681948424069,252000.0,144000.0,-108000.0,-42.857142857142854,0.35802469135802467,0.35802469135802467,0.0,0.0,0.7507385223064373,0.7563155048332689,0.0055769825268315865,0.7428661725920024,7000,best_score,False,0
42,HNN,hnn_dynamic_score,12000,True,True,,6.000000000000001,5.800742571998024,-0.1992574280019772,-3.320957133366286,55.66757624162,57.09582425238,1.4282480107600009,2.565673067138439,2.454372247071413,1.733051761581424,-0.7213204854899888,-29.38920476919006,16.0,12.0,-4.0,-25.0,203.177525,221.4346,18.257074999999986,8.985774878397592,11.14198573637825,7.743853357954525,-3.3981323784237256,-30.498444880690567,2195456.0,1916928.0,-278528.0,-12.686567164179104,163840.0,221184.0,57344.0,35.0,0.3028095733610822,0.19458896982310095,-0.10822060353798127,-35.738831615120276,4.651317011228462,4.671189283473434,0.01987227224497179,0.4272396871036599,12000,best_score,False,0
43,GEMM,v2_dynamic_thermal,4055,True,True,,6.000000000000001,5.673327095517712,-0.3266729044822885,-5.44454840803814,54.93421735578005,54.36354211567004,-0.5706752401100061,-1.0388338408719697,2.1434761400252804,1.415187932047697,-0.7282882079775834,-33.97696827028799,6.0,1.0,-5.0,-83.33333333333334,120.405,166.7288,46.323800000000006,38.473319214318344,1.8350526805555563,0.10809375,-1.7269589305555562,-94.10950153391373,104448.0,114688.0,10240.0,9.803921568627452,22528.0,20480.0,-2048.0,-9.090909090909092,0.9202539178734378,2.9515969053759177,2.0313429875024798,220.73722785082995,1.5708734939939561,1.7852870144087627,0.21441352041480655,13.649318117250726,4055,best_score,False,0
43,MPEG4,v2_dynamic_thermal,4699,True,True,,6.000000000000001,5.107920264387843,-0.8920797356121577,-14.86799559353596,54.44663874680003,54.168001990280004,-0.2786367565200294,-0.5117611719169819,1.3003837749577485,1.2348854213499003,-0.06549835360784817,-5.036847957440589,2.0,1.0,-1.0,-50.0,122.06989999999999,122.0218,-0.04809999999999093,-0.039403653152817304,0.07168423611111063,0.0056368749999999995,-0.06604736111111063,-92.1365207948051,420000.0,404000.0,-16000.0,-3.8095238095238098,88000.0,72000.0,-16000.0,-18.181818181818183,0.5670623064060744,0.5670623064060744,0.0,0.0,1.1328804365769536,1.1313269309563656,-0.0015535056205879805,-0.13712882405154456,4699,best_score,False,0
43,VOPD,vopd_steady_sigma,7000,True,True,,5.0,4.4712267260623575,-0.5287732739376425,-10.57546547875285,52.22271921261,52.16504637853001,-0.05767283407999457,-0.11043629085110634,0.9870939912641029,0.9336684229959223,-0.05342556826818057,-5.412409430206554,0.0,0.0,0.0,,89.3329,88.43660000000001,-0.8962999999999823,-1.0033257624010665,0.0,0.0,0.0,,1396000.0,874000.0,-522000.0,-37.392550143266476,252000.0,144000.0,-108000.0,-42.857142857142854,0.35802469135802467,0.35802469135802467,0.0,0.0,0.7507385223064373,0.7431498320199539,-0.007588690286483457,-1.0108300108497559,7000,best_score,False,0
43,HNN,hnn_dynamic_score,12000,True,True,,6.000000000000001,5.605087605548738,-0.39491239445126247,-6.581873240854373,55.66757624162,56.780015583220006,1.112439341600009,1.9983613742613264,2.454372247071413,1.8484274355567551,-0.6059448115146577,-24.688382629720433,16.0,14.0,-2.0,-12.5,203.177525,201.0487,-2.128825000000006,-1.0477659869121874,11.14198573637825,8.643453257612151,-2.4985324787660996,-22.424481038496268,2195456.0,2048000.0,-147456.0,-6.7164179104477615,163840.0,155648.0,-8192.0,-5.0,0.3028095733610822,0.29656607700312176,-0.006243496357960454,-2.0618556701030912,4.651317011228462,4.567124777657116,-0.08419223357134609,-1.8100730044437463,12000,best_score,False,0
44,GEMM,v2_dynamic_thermal,2835,True,True,,6.000000000000001,5.324742917416223,-0.6752570825837783,-11.254284709729635,54.93421735578005,54.31666167313,-0.6175556826500497,-1.1241730789581768,2.1434761400252804,1.4402582776183261,-0.7032178624069543,-32.80735667058372,6.0,1.0,-5.0,-83.33333333333334,120.405,166.7449,46.3399,38.486690752045185,1.8350526805555563,0.12066225,-1.7143904305555562,-93.4245893167781,104448.0,129024.0,24576.0,23.52941176470588,22528.0,16384.0,-6144.0,-27.27272727272727,0.9202539178734378,1.6312239634993058,0.710970045625868,77.25802974779047,1.5708734939939561,1.7880135761868365,0.2171400821928804,13.822887904283132,2835,best_score,False,0
44,MPEG4,v2_dynamic_thermal,4192,True,True,,6.000000000000001,4.665131664017669,-1.334868335982332,-22.24780559970553,54.44663874680003,52.77423413935003,-1.6724046074500052,-3.071639766831881,1.3003837749577485,1.2721946706009017,-0.02818910435684674,-2.167752697296046,2.0,0.0,-2.0,-100.0,122.06989999999999,122.0437,-0.026199999999988677,-0.021463112528140583,0.07168423611111063,0.0,-0.07168423611111063,-100.0,420000.0,420000.0,0.0,0.0,88000.0,64000.0,-24000.0,-27.27272727272727,0.5670623064060744,0.7249527151119761,0.15789040870590176,27.843573258568195,1.1328804365769536,1.1313526232230064,-0.0015278133539471384,-0.1348609530731673,4192,best_score,False,0
44,VOPD,vopd_steady_sigma,7000,True,True,,5.0,4.560160380328002,-0.43983961967199825,-8.796792393439965,52.22271921261,52.423207530970046,0.2004883183600441,0.3839101475045999,0.9870939912641029,0.9632295050306654,-0.02386448623343751,-2.4176508462862705,0.0,0.0,0.0,,89.3329,88.53659999999999,-0.7963000000000022,-0.8913849208970068,0.0,0.0,0.0,,1396000.0,812000.0,-584000.0,-41.833810888252145,252000.0,158000.0,-94000.0,-37.301587301587304,0.35802469135802467,0.35802469135802467,0.0,0.0,0.7507385223064373,0.7443149807554051,-0.006423541551032197,-0.8556296713398474,7000,best_score,False,0
44,HNN,hnn_dynamic_score,12000,True,True,,6.000000000000001,5.740239120300122,-0.25976087969987915,-4.329347994997986,55.66757624162,57.72782251301004,2.0602462713900422,3.7009807332867033,2.454372247071413,1.988533466322021,-0.4658387807493918,-18.979956333243106,16.0,14.0,-2.0,-12.5,203.177525,203.183434,0.005909000000002607,0.0029082941137326124,11.14198573637825,8.521343822203825,-2.620641914174426,-23.520420651931985,2195456.0,1859584.0,-335872.0,-15.298507462686567,163840.0,163840.0,0.0,0.0,0.3028095733610822,0.26326742976066597,-0.039542143600416246,-13.058419243986258,4.651317011228462,4.588661128693923,-0.06265588253453913,-1.347056809572114,12000,best_score,False,0
45,GEMM,v2_dynamic_thermal,4764,True,True,,6.000000000000001,4.175246227443791,-1.8247537725562095,-30.41256287593682,54.93421735578005,52.761829627810016,-2.172387727970033,-3.954525671860618,2.1434761400252804,1.231812223976316,-0.9116639160489644,-42.5320300527447,6.0,0.0,-6.0,-100.0,120.405,116.859,-3.5460000000000065,-2.945060421078864,1.8350526805555563,0.0,-1.8350526805555563,-100.0,104448.0,102400.0,-2048.0,-1.9607843137254901,22528.0,19456.0,-3072.0,-13.636363636363635,0.9202539178734378,0.8059908748264233,-0.11426304304701451,-12.416469066609187,1.5708734939939561,1.5165689116088634,-0.054304582385092726,-3.456967260108449,4764,best_score,False,0
45,MPEG4,v2_dynamic_thermal,5000,True,True,,6.000000000000001,5.2506967877382245,-0.7493032122617764,-12.488386871029606,54.44663874680003,53.715750568600015,-0.7308881782000185,-1.3423935710686543,1.3003837749577485,1.1569158363340333,-0.1434679386237152,-11.032738287462616,2.0,0.0,-2.0,-100.0,122.06989999999999,122.1698,0.0999000000000052,0.08183835654817871,0.07168423611111063,0.0,-0.07168423611111063,-100.0,420000.0,512000.0,92000.0,21.904761904761905,88000.0,132000.0,44000.0,50.0,0.5670623064060744,0.5670623064060744,0.0,0.0,1.1328804365769536,1.132411983116744,-0.00046845346020951695,-0.04135065317439579,5000,best_score,False,0
45,VOPD,vopd_steady_sigma,7000,True,True,,5.0,4.6597510505827575,-0.3402489494172425,-6.80497898834485,52.22271921261,53.180842077449995,0.9581228648399929,1.8346858977972158,0.9870939912641029,0.9465088411123904,-0.04058515015171249,-4.1115790908359084,0.0,0.0,0.0,,89.3329,88.7347,-0.5981999999999914,-0.6696301138774086,0.0,0.0,0.0,,1396000.0,976000.0,-420000.0,-30.08595988538682,252000.0,144000.0,-108000.0,-42.857142857142854,0.35802469135802467,0.35802469135802467,0.0,0.0,0.7507385223064373,0.7456217962816204,-0.005116726024816942,-0.681559007934908,7000,best_score,False,0
45,HNN,hnn_dynamic_score,12000,True,True,,6.000000000000001,5.642410713088208,-0.3575892869117929,-5.9598214485298815,55.66757624162,57.21153420318001,1.543957961560011,2.773531857860316,2.454372247071413,1.8382654257937507,-0.6161068212776621,-25.102419651819663,16.0,13.0,-3.0,-18.75,203.177525,199.4927,-3.6848249999999894,-1.813598723579288,11.14198573637825,8.012443626030219,-3.129542110348032,-28.087830880362468,2195456.0,1998848.0,-196608.0,-8.955223880597014,163840.0,188416.0,24576.0,15.0,0.3028095733610822,0.20915712799167535,-0.09365244536940687,-30.927835051546392,4.651317011228462,4.539613459809941,-0.11170355141852095,-2.4015467264188657,12000,best_score,False,0
46,GEMM,v2_dynamic_thermal,3348,True,True,,6.000000000000001,4.215451395712877,-1.7845486042871235,-29.74247673811872,54.93421735578005,53.360165590270014,-1.5740517655100348,-2.86533938458744,2.1434761400252804,1.2393946545843195,-0.9040814854409609,-42.17828547558724,6.0,0.0,-6.0,-100.0,120.405,116.8887,-3.516300000000001,-2.9203936713591636,1.8350526805555563,0.0,-1.8350526805555563,-100.0,104448.0,104448.0,0.0,0.0,22528.0,18432.0,-4096.0,-18.181818181818183,0.9202539178734378,0.8059908748264233,-0.11426304304701451,-12.416469066609187,1.5708734939939561,1.516936377382047,-0.05393711661190914,-3.433574811602026,3348,best_score,False,0
46,MPEG4,v2_dynamic_thermal,3347,True,True,,6.000000000000001,5.526586765851798,-0.4734132341482029,-7.890220569136713,54.44663874680003,53.70926430856002,-0.7373744382400105,-1.3543066297795066,1.3003837749577485,1.224462367469148,-0.07592140748860055,-5.83838471001127,2.0,0.0,-2.0,-100.0,122.06989999999999,122.22479999999999,0.15489999999999782,0.12689450880192238,0.07168423611111063,0.0,-0.07168423611111063,-100.0,420000.0,616000.0,196000.0,46.666666666666664,88000.0,136000.0,48000.0,54.54545454545454,0.5670623064060744,0.8302129875825772,0.26315068117650287,46.40595543094698,1.1328804365769536,1.1333515436947859,0.0004711071178322701,0.041584893040940867,3347,best_score,False,0
46,VOPD,vopd_steady_sigma,7000,True,True,,5.0,4.461263628145077,-0.538736371854923,-10.77472743709846,52.22271921261,52.36229026862003,0.13957105601002695,0.2672611807933688,0.9870939912641029,0.9449759579806625,-0.04211803328344044,-4.2668716106257305,0.0,0.0,0.0,,89.3329,87.45479999999999,-1.8781000000000034,-2.1023609442881663,0.0,0.0,0.0,,1396000.0,916000.0,-480000.0,-34.38395415472779,252000.0,128000.0,-124000.0,-49.2063492063492,0.35802469135802467,0.35802469135802467,0.0,0.0,0.7507385223064373,0.7384520006068716,-0.012286521699565789,-1.6365913476530862,7000,best_score,False,0
46,HNN,hnn_dynamic_score,12000,True,True,,6.000000000000001,5.841167143120834,-0.15883285687916704,-2.6472142813194504,55.66757624162,57.92740454448,2.259828302860001,4.059505470565889,2.454372247071413,1.8757058479077124,-0.5786663991637004,-23.576961475757084,16.0,13.0,-3.0,-18.75,203.177525,229.7209,26.543374999999997,13.064129509403166,11.14198573637825,11.042064600961563,-0.09992113541668779,-0.8967982708005832,2195456.0,1908736.0,-286720.0,-13.059701492537313,163840.0,147456.0,-16384.0,-10.0,0.3028095733610822,0.19458896982310095,-0.10822060353798127,-35.738831615120276,4.651317011228462,4.819974016167746,0.16865700493928326,3.626005377232698,12000,best_score,False,0
47,GEMM,v2_dynamic_thermal,5000,True,True,,6.000000000000001,5.122894753199276,-0.877105246800725,-14.618420780012082,54.93421735578005,52.880850488240014,-2.053366867540035,-3.7378649708276668,2.1434761400252804,1.3809515032525843,-0.7625246367726961,-35.57420689384034,6.0,0.0,-6.0,-100.0,120.405,176.2609,55.85589999999999,46.39001702587101,1.8350526805555563,0.0,-1.8350526805555563,-100.0,104448.0,107520.0,3072.0,2.941176470588235,22528.0,16384.0,-6144.0,-27.27272727272727,0.9202539178734378,1.9486213052965682,1.0283673874231303,111.74822159948263,1.5708734939939561,1.8357257494872248,0.26485225549326863,16.860189983846503,5000,best_score,False,0
47,MPEG4,v2_dynamic_thermal,3888,True,True,,6.000000000000001,4.795923694248428,-1.204076305751573,-20.067938429192882,54.44663874680003,52.800935053080025,-1.6457036937200087,-3.022599248730907,1.3003837749577485,1.1095660914203664,-0.19081768353738204,-14.67395142972943,2.0,0.0,-2.0,-100.0,122.06989999999999,121.40169999999999,-0.6681999999999988,-0.5473912897446453,0.07168423611111063,0.0,-0.07168423611111063,-100.0,420000.0,472000.0,52000.0,12.380952380952381,88000.0,76000.0,-12000.0,-13.636363636363635,0.5670623064060744,1.0538910665826047,0.4868287601765303,85.85101754725191,1.1328804365769536,1.1276037253202889,-0.0052767112566647345,-0.4657783016015831,3888,best_score,False,0
47,VOPD,vopd_steady_sigma,7000,True,True,,5.0,4.528433387477688,-0.47156661252231213,-9.431332250446243,52.22271921261,52.201446383250016,-0.021272829359986645,-0.04073481749079428,0.9870939912641029,0.9568054677149885,-0.030288523549114377,-3.0684538470673863,0.0,0.0,0.0,,89.3329,88.43270000000001,-0.9001999999999839,-1.0076914552197276,0.0,0.0,0.0,,1396000.0,972000.0,-424000.0,-30.37249283667622,252000.0,144000.0,-108000.0,-42.857142857142854,0.35802469135802467,0.35802469135802467,0.0,0.0,0.7507385223064373,0.7442002816016512,-0.006538240704786147,-0.8709078474752039,7000,best_score,False,0
47,HNN,hnn_dynamic_score,12000,True,True,,6.000000000000001,6.011385173675362,0.01138517367536096,0.1897528945893493,55.66757624162,58.03115736024,2.3635811186200044,4.245884728950831,2.454372247071413,1.7455343658694296,-0.7088378812019833,-28.880618335208823,16.0,13.0,-3.0,-18.75,203.177525,224.3627,21.185174999999987,10.42692837212186,11.14198573637825,10.227081298638844,-0.9149044377394073,-8.211323002795378,2195456.0,1654784.0,-540672.0,-24.62686567164179,163840.0,204800.0,40960.0,25.0,0.3028095733610822,0.32362122788761705,0.02081165452653483,6.872852233676966,4.651317011228462,4.731398089802877,0.08008107857441438,1.7216861026908188,12000,best_score,False,0
48,GEMM,v2_dynamic_thermal,3756,True,True,,6.000000000000001,4.992322167442084,-1.007677832557917,-16.794630542631946,54.93421735578005,53.37376283899005,-1.5604545167900028,-2.8405875097550934,2.1434761400252804,1.4299964183171179,-0.7134797217081625,-33.286105144130396,6.0,0.0,-6.0,-100.0,120.405,165.8607,45.45570000000001,37.752335866450736,1.8350526805555563,0.0,-1.8350526805555563,-100.0,104448.0,88064.0,-16384.0,-15.686274509803921,22528.0,13312.0,-9216.0,-40.909090909090914,0.9202539178734378,2.3548899027970642,1.4346359849236263,155.89566716964865,1.5708734939939561,1.7799609842987458,0.20908749030478968,13.310269165799173,3756,best_score,False,0
48,MPEG4,v2_dynamic_thermal,3773,True,True,,6.000000000000001,4.969755692278503,-1.0302443077214978,-17.17073846202496,54.44663874680003,52.72166136687002,-1.72497737993001,-3.168198110358817,1.3003837749577485,1.0962769129860264,-0.20410686197172212,-15.695894235403996,2.0,0.0,-2.0,-100.0,122.06989999999999,121.9936,-0.07629999999998915,-0.0625051712174657,0.07168423611111063,0.0,-0.07168423611111063,-100.0,420000.0,496000.0,76000.0,18.095238095238095,88000.0,104000.0,16000.0,18.181818181818183,0.5670623064060744,0.8828431238178778,0.3157808174118034,55.68714651713638,1.1328804365769536,1.1307029550414762,-0.0021774815354773658,-0.19220753269045043,3773,best_score,False,0
48,VOPD,vopd_steady_sigma,7000,True,True,,5.0,4.416684123903808,-0.5833158760961918,-11.666317521923837,52.22271921261,51.868615961700016,-0.3541032509099864,-0.6780636019130971,0.9870939912641029,0.934950328042768,-0.0521436632213349,-5.282542866516502,0.0,0.0,0.0,,89.3329,87.6008,-1.7320999999999884,-1.93892731569219,0.0,0.0,0.0,,1396000.0,948000.0,-448000.0,-32.09169054441261,252000.0,136000.0,-116000.0,-46.03174603174603,0.35802469135802467,0.35802469135802467,0.0,0.0,0.7507385223064373,0.7393152428397652,-0.011423279466672098,-1.5216056093108448,7000,best_score,False,0
48,HNN,hnn_dynamic_score,12000,True,True,,6.000000000000001,5.51993561021938,-0.4800643897806207,-8.001073163010345,55.66757624162,57.59181707877002,1.9242408371500233,3.4566635859948938,2.454372247071413,1.8737255521472658,-0.5806466949241471,-23.657645885500127,16.0,12.0,-4.0,-25.0,203.177525,204.48880000000003,1.3112750000000233,0.6453838828876487,11.14198573637825,8.446837366586562,-2.6951483697916885,-24.18912062498976,2195456.0,2129920.0,-65536.0,-2.9850746268656714,163840.0,147456.0,-16384.0,-10.0,0.3028095733610822,0.15920915712799166,-0.14360041623309056,-47.422680412371136,4.651317011228462,4.576220637563902,-0.07509637366456001,-1.6145185005295148,12000,best_score,False,0
49,GEMM,v2_dynamic_thermal,4341,True,True,,6.000000000000001,4.73722386821959,-1.2627761317804111,-21.04626886300685,54.93421735578005,53.23211550928005,-1.7021018464999997,-3.0984365090274806,2.1434761400252804,1.2311023928438727,-0.9123737471814077,-42.56514593955998,6.0,0.0,-6.0,-100.0,120.405,166.2488,45.84379999999999,38.07466467339395,1.8350526805555563,0.0,-1.8350526805555563,-100.0,104448.0,81920.0,-22528.0,-21.568627450980394,22528.0,10240.0,-12288.0,-54.54545454545454,0.9202539178734378,2.202539178734378,1.2822852608609403,139.3403750808364,1.5708734939939561,1.7805178080330488,0.20964431403909267,13.345715924333959,4341,best_score,False,0
49,MPEG4,v2_dynamic_thermal,5000,True,True,,6.000000000000001,4.854696619594927,-1.1453033804050738,-19.088389673417893,54.44663874680003,52.83043863356005,-1.6162001132399837,-2.968411182839036,1.3003837749577485,1.0735977666197727,-0.2267860083379758,-17.439929096727187,2.0,0.0,-2.0,-100.0,122.06989999999999,121.6477,-0.4221999999999895,-0.34586740875513905,0.07168423611111063,0.0,-0.07168423611111063,-100.0,420000.0,448000.0,28000.0,6.666666666666667,88000.0,96000.0,8000.0,9.090909090909092,0.5670623064060744,0.8960006578767029,0.32893835147062855,58.007444288683715,1.1328804365769536,1.1283845356102296,-0.004495900966724031,-0.39685573354136006,5000,best_score,False,0
49,VOPD,vopd_steady_sigma,7000,True,True,,5.0,4.505011357162582,-0.49498864283741817,-9.899772856748363,52.22271921261,51.623603892660014,-0.5991153199499877,-1.1472311840194676,0.9870939912641029,0.9199008825249219,-0.06719310873918105,-6.807164194478734,0.0,0.0,0.0,,89.3329,87.5947,-1.738199999999992,-1.9457557070239433,0.0,0.0,0.0,,1396000.0,924000.0,-472000.0,-33.810888252149,252000.0,188000.0,-64000.0,-25.396825396825395,0.35802469135802467,0.35802469135802467,0.0,0.0,0.7507385223064373,0.7393304787822916,-0.011408043524145706,-1.5195761487098909,7000,best_score,False,0
49,HNN,hnn_dynamic_score,12000,True,True,,6.000000000000001,5.41786078278354,-0.5821392172164606,-9.702320286941008,55.66757624162,56.83766257422002,1.1700863326000217,2.101917151056424,2.454372247071413,1.7108311181483105,-0.7435411289231024,-30.294554129281114,16.0,14.0,-2.0,-12.5,203.177525,199.6506,-3.5269250000000056,-1.7358834349419334,11.14198573637825,6.888225183639244,-4.253760552739007,-38.17775981215454,2195456.0,1835008.0,-360448.0,-16.417910447761194,163840.0,155648.0,-8192.0,-5.0,0.3028095733610822,0.26326742976066597,-0.039542143600416246,-13.058419243986258,4.651317011228462,4.525268221483814,-0.12604878974464828,-2.709959124273008,12000,best_score,False,0
