figure,workload,method,seed,metric_group,metric_name,metric_label,unit,reference_method,reference_metric,method_metric,delta_vs_reference,relative_change_pct_vs_reference,full_objective_comparable_score,valid,validity_notes,metrics_path
figure3,GEMM,Full-GA,40,thermal_safety,T_max_C,T_max,C,ReferenceMapping,54.93421735578005,53.20354868684001,-1.7306686689400408,-3.1504383829324634,3.7756299369185338,True,,D:\HNOCS\out\experimental results\B-2-v4\seed_40\gen_60\gemm\metrics.json
figure3,GEMM,Full-GA,40,thermal_safety,sigma_T_K,sigma_T,K,ReferenceMapping,2.1434761400252804,1.3099701471744862,-0.8335059928507942,-38.885713597957924,3.7756299369185338,True,,D:\HNOCS\out\experimental results\B-2-v4\seed_40\gen_60\gemm\metrics.json
figure3,GEMM,Full-GA,40,thermal_safety,N_hot,N_hot,count,ReferenceMapping,6.0,0.0,-6.0,-100.0,3.7756299369185338,True,,D:\HNOCS\out\experimental results\B-2-v4\seed_40\gen_60\gemm\metrics.json
figure3,GEMM,Full-GA,40,performance,makespan_us,makespan,us,ReferenceMapping,120.405,116.7588,-3.6462000000000074,-3.028279556496827,3.7756299369185338,True,,D:\HNOCS\out\experimental results\B-2-v4\seed_40\gen_60\gemm\metrics.json
figure3,GEMM,Full-GA,40,performance,DVFS_penalty_pct,DVFS,%,ReferenceMapping,1.8350526805555563,0.0,-1.8350526805555563,-100.0,3.7756299369185338,True,,D:\HNOCS\out\experimental results\B-2-v4\seed_40\gen_60\gemm\metrics.json
figure3,GEMM,Full-GA,40,communication_pressure,comm_cost,comm,byte-hop,ReferenceMapping,104448.0,68608.0,-35840.0,-34.31372549019608,3.7756299369185338,True,,D:\HNOCS\out\experimental results\B-2-v4\seed_40\gen_60\gemm\metrics.json
figure3,GEMM,Full-GA,40,communication_pressure,congestion_proxy,congestion proxy,byte,ReferenceMapping,22528.0,8192.0,-14336.0,-63.63636363636363,3.7756299369185338,True,,D:\HNOCS\out\experimental results\B-2-v4\seed_40\gen_60\gemm\metrics.json
figure3,GEMM,Full-GA,40,mapping_balance,load_imbalance,load imbalance,ratio,ReferenceMapping,0.9202539178734378,0.8059908748264233,-0.11426304304701451,-12.416469066609181,3.7756299369185338,True,,D:\HNOCS\out\experimental results\B-2-v4\seed_40\gen_60\gemm\metrics.json
figure3,GEMM,Full-GA,40,energy,total_PE_optical_energy_mJ,total energy,mJ,ReferenceMapping,1.5708734939939561,1.5161495975444554,-0.05472389644950071,-3.483660311204617,3.7756299369185338,True,,D:\HNOCS\out\experimental results\B-2-v4\seed_40\gen_60\gemm\metrics.json
figure3,MPEG4,Full-GA,40,thermal_safety,T_max_C,T_max,C,ReferenceMapping,54.44663874680003,52.05575244872,-2.3908862980800336,-4.391246830127882,4.242777663082553,True,,D:\HNOCS\out\experimental results\B-2-v4\seed_40\gen_60\mpeg4\metrics.json
figure3,MPEG4,Full-GA,40,thermal_safety,sigma_T_K,sigma_T,K,ReferenceMapping,1.3003837749577485,1.0802911596729816,-0.22009261528476687,-16.92520466059475,4.242777663082553,True,,D:\HNOCS\out\experimental results\B-2-v4\seed_40\gen_60\mpeg4\metrics.json
figure3,MPEG4,Full-GA,40,thermal_safety,N_hot,N_hot,count,ReferenceMapping,2.0,0.0,-2.0,-100.0,4.242777663082553,True,,D:\HNOCS\out\experimental results\B-2-v4\seed_40\gen_60\mpeg4\metrics.json
figure3,MPEG4,Full-GA,40,performance,makespan_us,makespan,us,ReferenceMapping,122.06989999999999,122.34759999999999,0.27769999999999584,0.22749260874301847,4.242777663082553,True,,D:\HNOCS\out\experimental results\B-2-v4\seed_40\gen_60\mpeg4\metrics.json
figure3,MPEG4,Full-GA,40,performance,DVFS_penalty_pct,DVFS,%,ReferenceMapping,0.07168423611111063,0.0,-0.07168423611111063,-100.0,4.242777663082553,True,,D:\HNOCS\out\experimental results\B-2-v4\seed_40\gen_60\mpeg4\metrics.json
figure3,MPEG4,Full-GA,40,communication_pressure,comm_cost,comm,byte-hop,ReferenceMapping,420000.0,400000.0,-20000.0,-4.761904761904767,4.242777663082553,True,,D:\HNOCS\out\experimental results\B-2-v4\seed_40\gen_60\mpeg4\metrics.json
figure3,MPEG4,Full-GA,40,communication_pressure,congestion_proxy,congestion proxy,byte,ReferenceMapping,88000.0,48000.0,-40000.0,-45.45454545454546,4.242777663082553,True,,D:\HNOCS\out\experimental results\B-2-v4\seed_40\gen_60\mpeg4\metrics.json
figure3,MPEG4,Full-GA,40,mapping_balance,load_imbalance,load imbalance,ratio,ReferenceMapping,0.5670623064060744,0.5670623064060744,0.0,0.0,4.242777663082553,True,,D:\HNOCS\out\experimental results\B-2-v4\seed_40\gen_60\mpeg4\metrics.json
figure3,MPEG4,Full-GA,40,energy,total_PE_optical_energy_mJ,total energy,mJ,ReferenceMapping,1.1328804365769536,1.1320264694293614,-0.0008539671475922272,-0.07538016546322357,4.242777663082553,True,,D:\HNOCS\out\experimental results\B-2-v4\seed_40\gen_60\mpeg4\metrics.json
figure3,VOPD,Full-GA,40,thermal_safety,T_max_C,T_max,C,ReferenceMapping,52.22271921261,52.37165727272003,0.14893806011002653,0.2851978264549304,4.535907040207907,True,,D:\HNOCS\out\experimental results\B-2-v4\seed_40\gen_60\vopd\metrics.json
figure3,VOPD,Full-GA,40,thermal_safety,sigma_T_K,sigma_T,K,ReferenceMapping,0.9870939912641029,0.9088410564189721,-0.07825293484513085,-7.927607252974733,4.535907040207907,True,,D:\HNOCS\out\experimental results\B-2-v4\seed_40\gen_60\vopd\metrics.json
figure3,VOPD,Full-GA,40,thermal_safety,N_hot,N_hot,count,ReferenceMapping,0.0,0.0,0.0,,4.535907040207907,True,,D:\HNOCS\out\experimental results\B-2-v4\seed_40\gen_60\vopd\metrics.json
figure3,VOPD,Full-GA,40,performance,makespan_us,makespan,us,ReferenceMapping,89.3329,88.51270000000001,-0.8201999999999856,-0.9181387820164644,4.535907040207907,True,,D:\HNOCS\out\experimental results\B-2-v4\seed_40\gen_60\vopd\metrics.json
figure3,VOPD,Full-GA,40,performance,DVFS_penalty_pct,DVFS,%,ReferenceMapping,0.0,0.0,0.0,,4.535907040207907,True,,D:\HNOCS\out\experimental results\B-2-v4\seed_40\gen_60\vopd\metrics.json
figure3,VOPD,Full-GA,40,communication_pressure,comm_cost,comm,byte-hop,ReferenceMapping,1396000.0,1138000.0,-258000.0,-18.481375358166186,4.535907040207907,True,,D:\HNOCS\out\experimental results\B-2-v4\seed_40\gen_60\vopd\metrics.json
figure3,VOPD,Full-GA,40,communication_pressure,congestion_proxy,congestion proxy,byte,ReferenceMapping,252000.0,138000.0,-114000.0,-45.238095238095234,4.535907040207907,True,,D:\HNOCS\out\experimental results\B-2-v4\seed_40\gen_60\vopd\metrics.json
figure3,VOPD,Full-GA,40,mapping_balance,load_imbalance,load imbalance,ratio,ReferenceMapping,0.35802469135802467,0.35802469135802467,0.0,0.0,4.535907040207907,True,,D:\HNOCS\out\experimental results\B-2-v4\seed_40\gen_60\vopd\metrics.json
figure3,VOPD,Full-GA,40,energy,total_PE_optical_energy_mJ,total energy,mJ,ReferenceMapping,0.7507385223064373,0.7449911268570046,-0.005747395449432702,-0.7655655436163644,4.535907040207907,True,,D:\HNOCS\out\experimental results\B-2-v4\seed_40\gen_60\vopd\metrics.json
figure3,HNN,Full-GA,40,thermal_safety,T_max_C,T_max,C,ReferenceMapping,55.66757624162,55.52869560405003,-0.1388806375699687,-0.24948209882027506,5.04699018190069,True,,D:\HNOCS\out\experimental results\B-2-v4\seed_40\gen_60\hnn\metrics.json
figure3,HNN,Full-GA,40,thermal_safety,sigma_T_K,sigma_T,K,ReferenceMapping,2.454372247071413,1.7455646610546751,-0.7088075860167378,-28.87938399981892,5.04699018190069,True,,D:\HNOCS\out\experimental results\B-2-v4\seed_40\gen_60\hnn\metrics.json
figure3,HNN,Full-GA,40,thermal_safety,N_hot,N_hot,count,ReferenceMapping,16.0,5.0,-11.0,-68.75,5.04699018190069,True,,D:\HNOCS\out\experimental results\B-2-v4\seed_40\gen_60\hnn\metrics.json
figure3,HNN,Full-GA,40,performance,makespan_us,makespan,us,ReferenceMapping,203.177525,246.09259999999998,42.91507499999997,21.121959724629956,5.04699018190069,True,,D:\HNOCS\out\experimental results\B-2-v4\seed_40\gen_60\hnn\metrics.json
figure3,HNN,Full-GA,40,performance,DVFS_penalty_pct,DVFS,%,ReferenceMapping,11.14198573637825,0.5917053333333313,-10.550280403044919,-94.68940862667387,5.04699018190069,True,,D:\HNOCS\out\experimental results\B-2-v4\seed_40\gen_60\hnn\metrics.json
figure3,HNN,Full-GA,40,communication_pressure,comm_cost,comm,byte-hop,ReferenceMapping,2195456.0,1736704.0,-458752.0,-20.895522388059707,5.04699018190069,True,,D:\HNOCS\out\experimental results\B-2-v4\seed_40\gen_60\hnn\metrics.json
figure3,HNN,Full-GA,40,communication_pressure,congestion_proxy,congestion proxy,byte,ReferenceMapping,163840.0,147456.0,-16384.0,-9.999999999999998,5.04699018190069,True,,D:\HNOCS\out\experimental results\B-2-v4\seed_40\gen_60\hnn\metrics.json
figure3,HNN,Full-GA,40,mapping_balance,load_imbalance,load imbalance,ratio,ReferenceMapping,0.3028095733610822,0.3881373569198751,0.08532778355879289,28.17869415807559,5.04699018190069,True,,D:\HNOCS\out\experimental results\B-2-v4\seed_40\gen_60\hnn\metrics.json
figure3,HNN,Full-GA,40,energy,total_PE_optical_energy_mJ,total energy,mJ,ReferenceMapping,4.651317011228462,4.500817049650222,-0.15049996157824008,-3.2356418884141203,5.04699018190069,True,,D:\HNOCS\out\experimental results\B-2-v4\seed_40\gen_60\hnn\metrics.json
figure3,GEMM,Full-GA,41,thermal_safety,T_max_C,T_max,C,ReferenceMapping,54.93421735578005,53.314869881670006,-1.619347474110043,-2.947793837895929,3.795969112228902,True,,D:\HNOCS\out\experimental results\B-2-v4\seed_41\gen_60\gemm\metrics.json
figure3,GEMM,Full-GA,41,thermal_safety,sigma_T_K,sigma_T,K,ReferenceMapping,2.1434761400252804,1.378840605050179,-0.7646355349751015,-35.672687029120986,3.795969112228902,True,,D:\HNOCS\out\experimental results\B-2-v4\seed_41\gen_60\gemm\metrics.json
figure3,GEMM,Full-GA,41,thermal_safety,N_hot,N_hot,count,ReferenceMapping,6.0,0.0,-6.0,-100.0,3.795969112228902,True,,D:\HNOCS\out\experimental results\B-2-v4\seed_41\gen_60\gemm\metrics.json
figure3,GEMM,Full-GA,41,performance,makespan_us,makespan,us,ReferenceMapping,120.405,116.7927,-3.6123000000000047,-3.000124579544039,3.795969112228902,True,,D:\HNOCS\out\experimental results\B-2-v4\seed_41\gen_60\gemm\metrics.json
figure3,GEMM,Full-GA,41,performance,DVFS_penalty_pct,DVFS,%,ReferenceMapping,1.8350526805555563,0.0,-1.8350526805555563,-100.0,3.795969112228902,True,,D:\HNOCS\out\experimental results\B-2-v4\seed_41\gen_60\gemm\metrics.json
figure3,GEMM,Full-GA,41,communication_pressure,comm_cost,comm,byte-hop,ReferenceMapping,104448.0,62464.0,-41984.0,-40.19607843137255,3.795969112228902,True,,D:\HNOCS\out\experimental results\B-2-v4\seed_41\gen_60\gemm\metrics.json
figure3,GEMM,Full-GA,41,communication_pressure,congestion_proxy,congestion proxy,byte,ReferenceMapping,22528.0,8192.0,-14336.0,-63.63636363636363,3.795969112228902,True,,D:\HNOCS\out\experimental results\B-2-v4\seed_41\gen_60\gemm\metrics.json
figure3,GEMM,Full-GA,41,mapping_balance,load_imbalance,load imbalance,ratio,ReferenceMapping,0.9202539178734378,0.8059908748264233,-0.11426304304701451,-12.416469066609181,3.795969112228902,True,,D:\HNOCS\out\experimental results\B-2-v4\seed_41\gen_60\gemm\metrics.json
figure3,GEMM,Full-GA,41,energy,total_PE_optical_energy_mJ,total energy,mJ,ReferenceMapping,1.5708734939939561,1.5167610670843386,-0.054112426909617595,-3.4447348635335606,3.795969112228902,True,,D:\HNOCS\out\experimental results\B-2-v4\seed_41\gen_60\gemm\metrics.json
figure3,MPEG4,Full-GA,41,thermal_safety,T_max_C,T_max,C,ReferenceMapping,54.44663874680003,51.89690268668005,-2.549736060119983,-4.682999940505672,4.097180119498511,True,,D:\HNOCS\out\experimental results\B-2-v4\seed_41\gen_60\mpeg4\metrics.json
figure3,MPEG4,Full-GA,41,thermal_safety,sigma_T_K,sigma_T,K,ReferenceMapping,1.3003837749577485,1.0422940592580014,-0.25808971569974704,-19.847195933226157,4.097180119498511,True,,D:\HNOCS\out\experimental results\B-2-v4\seed_41\gen_60\mpeg4\metrics.json
figure3,MPEG4,Full-GA,41,thermal_safety,N_hot,N_hot,count,ReferenceMapping,2.0,0.0,-2.0,-100.0,4.097180119498511,True,,D:\HNOCS\out\experimental results\B-2-v4\seed_41\gen_60\mpeg4\metrics.json
figure3,MPEG4,Full-GA,41,performance,makespan_us,makespan,us,ReferenceMapping,122.06989999999999,121.5296,-0.5402999999999878,-0.44261525568546345,4.097180119498511,True,,D:\HNOCS\out\experimental results\B-2-v4\seed_41\gen_60\mpeg4\metrics.json
figure3,MPEG4,Full-GA,41,performance,DVFS_penalty_pct,DVFS,%,ReferenceMapping,0.07168423611111063,0.0,-0.07168423611111063,-100.0,4.097180119498511,True,,D:\HNOCS\out\experimental results\B-2-v4\seed_41\gen_60\mpeg4\metrics.json
figure3,MPEG4,Full-GA,41,communication_pressure,comm_cost,comm,byte-hop,ReferenceMapping,420000.0,300000.0,-120000.0,-28.57142857142857,4.097180119498511,True,,D:\HNOCS\out\experimental results\B-2-v4\seed_41\gen_60\mpeg4\metrics.json
figure3,MPEG4,Full-GA,41,communication_pressure,congestion_proxy,congestion proxy,byte,ReferenceMapping,88000.0,40000.0,-48000.0,-54.54545454545454,4.097180119498511,True,,D:\HNOCS\out\experimental results\B-2-v4\seed_41\gen_60\mpeg4\metrics.json
figure3,MPEG4,Full-GA,41,mapping_balance,load_imbalance,load imbalance,ratio,ReferenceMapping,0.5670623064060744,0.7644253172884515,0.19736301088237718,34.804466573210235,4.097180119498511,True,,D:\HNOCS\out\experimental results\B-2-v4\seed_41\gen_60\mpeg4\metrics.json
figure3,MPEG4,Full-GA,41,energy,total_PE_optical_energy_mJ,total energy,mJ,ReferenceMapping,1.1328804365769536,1.1269164285558106,-0.005964008021142941,-0.5264463776215811,4.097180119498511,True,,D:\HNOCS\out\experimental results\B-2-v4\seed_41\gen_60\mpeg4\metrics.json
figure3,VOPD,Full-GA,41,thermal_safety,T_max_C,T_max,C,ReferenceMapping,52.22271921261,52.35080305214001,0.12808383953000657,0.24526459261637878,4.4290574560875555,True,,D:\HNOCS\out\experimental results\B-2-v4\seed_41\gen_60\vopd\metrics.json
figure3,VOPD,Full-GA,41,thermal_safety,sigma_T_K,sigma_T,K,ReferenceMapping,0.9870939912641029,0.9605899974885381,-0.026503993775564783,-2.6850526910434325,4.4290574560875555,True,,D:\HNOCS\out\experimental results\B-2-v4\seed_41\gen_60\vopd\metrics.json
figure3,VOPD,Full-GA,41,thermal_safety,N_hot,N_hot,count,ReferenceMapping,0.0,0.0,0.0,,4.4290574560875555,True,,D:\HNOCS\out\experimental results\B-2-v4\seed_41\gen_60\vopd\metrics.json
figure3,VOPD,Full-GA,41,performance,makespan_us,makespan,us,ReferenceMapping,89.3329,87.5467,-1.7861999999999938,-1.9994873109459022,4.4290574560875555,True,,D:\HNOCS\out\experimental results\B-2-v4\seed_41\gen_60\vopd\metrics.json
figure3,VOPD,Full-GA,41,performance,DVFS_penalty_pct,DVFS,%,ReferenceMapping,0.0,0.0,0.0,,4.4290574560875555,True,,D:\HNOCS\out\experimental results\B-2-v4\seed_41\gen_60\vopd\metrics.json
figure3,VOPD,Full-GA,41,communication_pressure,comm_cost,comm,byte-hop,ReferenceMapping,1396000.0,1154000.0,-242000.0,-17.335243553008596,4.4290574560875555,True,,D:\HNOCS\out\experimental results\B-2-v4\seed_41\gen_60\vopd\metrics.json
figure3,VOPD,Full-GA,41,communication_pressure,congestion_proxy,congestion proxy,byte,ReferenceMapping,252000.0,86000.0,-166000.0,-65.87301587301587,4.4290574560875555,True,,D:\HNOCS\out\experimental results\B-2-v4\seed_41\gen_60\vopd\metrics.json
figure3,VOPD,Full-GA,41,mapping_balance,load_imbalance,load imbalance,ratio,ReferenceMapping,0.35802469135802467,0.35802469135802467,0.0,0.0,4.4290574560875555,True,,D:\HNOCS\out\experimental results\B-2-v4\seed_41\gen_60\vopd\metrics.json
figure3,VOPD,Full-GA,41,energy,total_PE_optical_energy_mJ,total energy,mJ,ReferenceMapping,0.7507385223064373,0.7396582987192672,-0.01108022358717009,-1.475909821855037,4.4290574560875555,True,,D:\HNOCS\out\experimental results\B-2-v4\seed_41\gen_60\vopd\metrics.json
figure3,HNN,Full-GA,41,thermal_safety,T_max_C,T_max,C,ReferenceMapping,55.66757624162,56.17274395863001,0.5051677170100106,0.9074720889901355,5.17401394028756,True,,D:\HNOCS\out\experimental results\B-2-v4\seed_41\gen_60\hnn\metrics.json
figure3,HNN,Full-GA,41,thermal_safety,sigma_T_K,sigma_T,K,ReferenceMapping,2.454372247071413,1.8383141988009524,-0.6160580482704605,-25.100432463150145,5.17401394028756,True,,D:\HNOCS\out\experimental results\B-2-v4\seed_41\gen_60\hnn\metrics.json
figure3,HNN,Full-GA,41,thermal_safety,N_hot,N_hot,count,ReferenceMapping,16.0,11.0,-5.0,-31.25,5.17401394028756,True,,D:\HNOCS\out\experimental results\B-2-v4\seed_41\gen_60\hnn\metrics.json
figure3,HNN,Full-GA,41,performance,makespan_us,makespan,us,ReferenceMapping,203.177525,197.7868,-5.390725000000003,-2.6532093055075867,5.17401394028756,True,,D:\HNOCS\out\experimental results\B-2-v4\seed_41\gen_60\hnn\metrics.json
figure3,HNN,Full-GA,41,performance,DVFS_penalty_pct,DVFS,%,ReferenceMapping,11.14198573637825,6.241983128860769,-4.900002607517482,-43.97782157913844,5.17401394028756,True,,D:\HNOCS\out\experimental results\B-2-v4\seed_41\gen_60\hnn\metrics.json
figure3,HNN,Full-GA,41,communication_pressure,comm_cost,comm,byte-hop,ReferenceMapping,2195456.0,1613824.0,-581632.0,-26.49253731343284,5.17401394028756,True,,D:\HNOCS\out\experimental results\B-2-v4\seed_41\gen_60\hnn\metrics.json
figure3,HNN,Full-GA,41,communication_pressure,congestion_proxy,congestion proxy,byte,ReferenceMapping,163840.0,147456.0,-16384.0,-9.999999999999998,5.17401394028756,True,,D:\HNOCS\out\experimental results\B-2-v4\seed_41\gen_60\hnn\metrics.json
figure3,HNN,Full-GA,41,mapping_balance,load_imbalance,load imbalance,ratio,ReferenceMapping,0.3028095733610822,0.25286160249739853,-0.04994797086368369,-16.49484536082475,5.17401394028756,True,,D:\HNOCS\out\experimental results\B-2-v4\seed_41\gen_60\hnn\metrics.json
figure3,HNN,Full-GA,41,energy,total_PE_optical_energy_mJ,total energy,mJ,ReferenceMapping,4.651317011228462,4.482683210938695,-0.1686338002897676,-3.6255064938097936,5.17401394028756,True,,D:\HNOCS\out\experimental results\B-2-v4\seed_41\gen_60\hnn\metrics.json
figure3,GEMM,Full-GA,42,thermal_safety,T_max_C,T_max,C,ReferenceMapping,54.93421735578005,53.23828532851002,-1.6959320272700324,-3.087205222723699,3.799907180912859,True,,D:\HNOCS\out\experimental results\B-2-v4\seed_42\gen_60\gemm\metrics.json
figure3,GEMM,Full-GA,42,thermal_safety,sigma_T_K,sigma_T,K,ReferenceMapping,2.1434761400252804,1.4089998627280593,-0.7344762772972211,-34.265661445084184,3.799907180912859,True,,D:\HNOCS\out\experimental results\B-2-v4\seed_42\gen_60\gemm\metrics.json
figure3,GEMM,Full-GA,42,thermal_safety,N_hot,N_hot,count,ReferenceMapping,6.0,0.0,-6.0,-100.0,3.799907180912859,True,,D:\HNOCS\out\experimental results\B-2-v4\seed_42\gen_60\gemm\metrics.json
figure3,GEMM,Full-GA,42,performance,makespan_us,makespan,us,ReferenceMapping,120.405,116.7308,-3.674199999999999,-3.0515344047174153,3.799907180912859,True,,D:\HNOCS\out\experimental results\B-2-v4\seed_42\gen_60\gemm\metrics.json
figure3,GEMM,Full-GA,42,performance,DVFS_penalty_pct,DVFS,%,ReferenceMapping,1.8350526805555563,0.0,-1.8350526805555563,-100.0,3.799907180912859,True,,D:\HNOCS\out\experimental results\B-2-v4\seed_42\gen_60\gemm\metrics.json
figure3,GEMM,Full-GA,42,communication_pressure,comm_cost,comm,byte-hop,ReferenceMapping,104448.0,51200.0,-53248.0,-50.98039215686274,3.799907180912859,True,,D:\HNOCS\out\experimental results\B-2-v4\seed_42\gen_60\gemm\metrics.json
figure3,GEMM,Full-GA,42,communication_pressure,congestion_proxy,congestion proxy,byte,ReferenceMapping,22528.0,8192.0,-14336.0,-63.63636363636363,3.799907180912859,True,,D:\HNOCS\out\experimental results\B-2-v4\seed_42\gen_60\gemm\metrics.json
figure3,GEMM,Full-GA,42,mapping_balance,load_imbalance,load imbalance,ratio,ReferenceMapping,0.9202539178734378,0.9964292799047808,0.07617536203134301,8.27764604440613,3.799907180912859,True,,D:\HNOCS\out\experimental results\B-2-v4\seed_42\gen_60\gemm\metrics.json
figure3,GEMM,Full-GA,42,energy,total_PE_optical_energy_mJ,total energy,mJ,ReferenceMapping,1.5708734939939561,1.5165817477558798,-0.05429174623807631,-3.4561501257519556,3.799907180912859,True,,D:\HNOCS\out\experimental results\B-2-v4\seed_42\gen_60\gemm\metrics.json
figure3,MPEG4,Full-GA,42,thermal_safety,T_max_C,T_max,C,ReferenceMapping,54.44663874680003,51.816508380320045,-2.630130366479989,-4.830657001089101,4.216755651138596,True,,D:\HNOCS\out\experimental results\B-2-v4\seed_42\gen_60\mpeg4\metrics.json
figure3,MPEG4,Full-GA,42,thermal_safety,sigma_T_K,sigma_T,K,ReferenceMapping,1.3003837749577485,1.0198443512080955,-0.280539423749653,-21.57358690197193,4.216755651138596,True,,D:\HNOCS\out\experimental results\B-2-v4\seed_42\gen_60\mpeg4\metrics.json
figure3,MPEG4,Full-GA,42,thermal_safety,N_hot,N_hot,count,ReferenceMapping,2.0,0.0,-2.0,-100.0,4.216755651138596,True,,D:\HNOCS\out\experimental results\B-2-v4\seed_42\gen_60\mpeg4\metrics.json
figure3,MPEG4,Full-GA,42,performance,makespan_us,makespan,us,ReferenceMapping,122.06989999999999,121.3516,-0.7182999999999851,-0.5884333484339588,4.216755651138596,True,,D:\HNOCS\out\experimental results\B-2-v4\seed_42\gen_60\mpeg4\metrics.json
figure3,MPEG4,Full-GA,42,performance,DVFS_penalty_pct,DVFS,%,ReferenceMapping,0.07168423611111063,0.0,-0.07168423611111063,-100.0,4.216755651138596,True,,D:\HNOCS\out\experimental results\B-2-v4\seed_42\gen_60\mpeg4\metrics.json
figure3,MPEG4,Full-GA,42,communication_pressure,comm_cost,comm,byte-hop,ReferenceMapping,420000.0,388000.0,-32000.0,-7.619047619047614,4.216755651138596,True,,D:\HNOCS\out\experimental results\B-2-v4\seed_42\gen_60\mpeg4\metrics.json
figure3,MPEG4,Full-GA,42,communication_pressure,congestion_proxy,congestion proxy,byte,ReferenceMapping,88000.0,48000.0,-40000.0,-45.45454545454546,4.216755651138596,True,,D:\HNOCS\out\experimental results\B-2-v4\seed_42\gen_60\mpeg4\metrics.json
figure3,MPEG4,Full-GA,42,mapping_balance,load_imbalance,load imbalance,ratio,ReferenceMapping,0.5670623064060744,0.7644253172884515,0.19736301088237718,34.804466573210235,4.216755651138596,True,,D:\HNOCS\out\experimental results\B-2-v4\seed_42\gen_60\mpeg4\metrics.json
figure3,MPEG4,Full-GA,42,energy,total_PE_optical_energy_mJ,total energy,mJ,ReferenceMapping,1.1328804365769536,1.1261318681507333,-0.006748568426220292,-0.59569997047626,4.216755651138596,True,,D:\HNOCS\out\experimental results\B-2-v4\seed_42\gen_60\mpeg4\metrics.json
figure3,VOPD,Full-GA,42,thermal_safety,T_max_C,T_max,C,ReferenceMapping,52.22271921261,51.86541027742004,-0.35730893518996254,-0.6842020878600419,4.44974612228009,True,,D:\HNOCS\out\experimental results\B-2-v4\seed_42\gen_60\vopd\metrics.json
figure3,VOPD,Full-GA,42,thermal_safety,sigma_T_K,sigma_T,K,ReferenceMapping,0.9870939912641029,0.9079904142012913,-0.07910357706281157,-8.01378366831198,4.44974612228009,True,,D:\HNOCS\out\experimental results\B-2-v4\seed_42\gen_60\vopd\metrics.json
figure3,VOPD,Full-GA,42,thermal_safety,N_hot,N_hot,count,ReferenceMapping,0.0,0.0,0.0,,4.44974612228009,True,,D:\HNOCS\out\experimental results\B-2-v4\seed_42\gen_60\vopd\metrics.json
figure3,VOPD,Full-GA,42,performance,makespan_us,makespan,us,ReferenceMapping,89.3329,87.6888,-1.6440999999999946,-1.8404193751686004,4.44974612228009,True,,D:\HNOCS\out\experimental results\B-2-v4\seed_42\gen_60\vopd\metrics.json
figure3,VOPD,Full-GA,42,performance,DVFS_penalty_pct,DVFS,%,ReferenceMapping,0.0,0.0,0.0,,4.44974612228009,True,,D:\HNOCS\out\experimental results\B-2-v4\seed_42\gen_60\vopd\metrics.json
figure3,VOPD,Full-GA,42,communication_pressure,comm_cost,comm,byte-hop,ReferenceMapping,1396000.0,1154000.0,-242000.0,-17.335243553008596,4.44974612228009,True,,D:\HNOCS\out\experimental results\B-2-v4\seed_42\gen_60\vopd\metrics.json
figure3,VOPD,Full-GA,42,communication_pressure,congestion_proxy,congestion proxy,byte,ReferenceMapping,252000.0,136000.0,-116000.0,-46.03174603174603,4.44974612228009,True,,D:\HNOCS\out\experimental results\B-2-v4\seed_42\gen_60\vopd\metrics.json
figure3,VOPD,Full-GA,42,mapping_balance,load_imbalance,load imbalance,ratio,ReferenceMapping,0.35802469135802467,0.35802469135802467,0.0,0.0,4.44974612228009,True,,D:\HNOCS\out\experimental results\B-2-v4\seed_42\gen_60\vopd\metrics.json
figure3,VOPD,Full-GA,42,energy,total_PE_optical_energy_mJ,total energy,mJ,ReferenceMapping,0.7507385223064373,0.7402316792300394,-0.010506843076397931,-1.3995342937936028,4.44974612228009,True,,D:\HNOCS\out\experimental results\B-2-v4\seed_42\gen_60\vopd\metrics.json
figure3,HNN,Full-GA,42,thermal_safety,T_max_C,T_max,C,ReferenceMapping,55.66757624162,54.72792989865002,-0.9396463429699793,-1.687959861754229,4.986974793468414,True,,D:\HNOCS\out\experimental results\B-2-v4\seed_42\gen_60\hnn\metrics.json
figure3,HNN,Full-GA,42,thermal_safety,sigma_T_K,sigma_T,K,ReferenceMapping,2.454372247071413,1.7196509289544641,-0.7347213181169487,-29.935203145880873,4.986974793468414,True,,D:\HNOCS\out\experimental results\B-2-v4\seed_42\gen_60\hnn\metrics.json
figure3,HNN,Full-GA,42,thermal_safety,N_hot,N_hot,count,ReferenceMapping,16.0,5.0,-11.0,-68.75,4.986974793468414,True,,D:\HNOCS\out\experimental results\B-2-v4\seed_42\gen_60\hnn\metrics.json
figure3,HNN,Full-GA,42,performance,makespan_us,makespan,us,ReferenceMapping,203.177525,234.93869999999998,31.76117499999998,15.63222851543249,4.986974793468414,True,,D:\HNOCS\out\experimental results\B-2-v4\seed_42\gen_60\hnn\metrics.json
figure3,HNN,Full-GA,42,performance,DVFS_penalty_pct,DVFS,%,ReferenceMapping,11.14198573637825,0.49297539654034994,-10.6490103398379,-95.57551581733945,4.986974793468414,True,,D:\HNOCS\out\experimental results\B-2-v4\seed_42\gen_60\hnn\metrics.json
figure3,HNN,Full-GA,42,communication_pressure,comm_cost,comm,byte-hop,ReferenceMapping,2195456.0,1638400.0,-557056.0,-25.373134328358205,4.986974793468414,True,,D:\HNOCS\out\experimental results\B-2-v4\seed_42\gen_60\hnn\metrics.json
figure3,HNN,Full-GA,42,communication_pressure,congestion_proxy,congestion proxy,byte,ReferenceMapping,163840.0,155648.0,-8192.0,-5.000000000000004,4.986974793468414,True,,D:\HNOCS\out\experimental results\B-2-v4\seed_42\gen_60\hnn\metrics.json
figure3,HNN,Full-GA,42,mapping_balance,load_imbalance,load imbalance,ratio,ReferenceMapping,0.3028095733610822,0.5171696149843913,0.21436004162330907,70.79037800687284,4.986974793468414,True,,D:\HNOCS\out\experimental results\B-2-v4\seed_42\gen_60\hnn\metrics.json
figure3,HNN,Full-GA,42,energy,total_PE_optical_energy_mJ,total energy,mJ,ReferenceMapping,4.651317011228462,4.433061037732707,-0.2182559734957552,-4.69234784403808,4.986974793468414,True,,D:\HNOCS\out\experimental results\B-2-v4\seed_42\gen_60\hnn\metrics.json
figure3,GEMM,Full-GA,43,thermal_safety,T_max_C,T_max,C,ReferenceMapping,54.93421735578005,53.00672326804005,-1.9274940877400013,-3.508731316324465,3.7673396106539467,True,,D:\HNOCS\out\experimental results\B-2-v4\seed_43\gen_60\gemm\metrics.json
figure3,GEMM,Full-GA,43,thermal_safety,sigma_T_K,sigma_T,K,ReferenceMapping,2.1434761400252804,1.4014433814768217,-0.7420327585484587,-34.61819540196548,3.7673396106539467,True,,D:\HNOCS\out\experimental results\B-2-v4\seed_43\gen_60\gemm\metrics.json
figure3,GEMM,Full-GA,43,thermal_safety,N_hot,N_hot,count,ReferenceMapping,6.0,0.0,-6.0,-100.0,3.7673396106539467,True,,D:\HNOCS\out\experimental results\B-2-v4\seed_43\gen_60\gemm\metrics.json
figure3,GEMM,Full-GA,43,performance,makespan_us,makespan,us,ReferenceMapping,120.405,116.7629,-3.6420999999999992,-3.024874382293097,3.7673396106539467,True,,D:\HNOCS\out\experimental results\B-2-v4\seed_43\gen_60\gemm\metrics.json
figure3,GEMM,Full-GA,43,performance,DVFS_penalty_pct,DVFS,%,ReferenceMapping,1.8350526805555563,0.0,-1.8350526805555563,-100.0,3.7673396106539467,True,,D:\HNOCS\out\experimental results\B-2-v4\seed_43\gen_60\gemm\metrics.json
figure3,GEMM,Full-GA,43,communication_pressure,comm_cost,comm,byte-hop,ReferenceMapping,104448.0,60416.0,-44032.0,-42.15686274509803,3.7673396106539467,True,,D:\HNOCS\out\experimental results\B-2-v4\seed_43\gen_60\gemm\metrics.json
figure3,GEMM,Full-GA,43,communication_pressure,congestion_proxy,congestion proxy,byte,ReferenceMapping,22528.0,8192.0,-14336.0,-63.63636363636363,3.7673396106539467,True,,D:\HNOCS\out\experimental results\B-2-v4\seed_43\gen_60\gemm\metrics.json
figure3,GEMM,Full-GA,43,mapping_balance,load_imbalance,load imbalance,ratio,ReferenceMapping,0.9202539178734378,0.8059908748264233,-0.11426304304701451,-12.416469066609181,3.7673396106539467,True,,D:\HNOCS\out\experimental results\B-2-v4\seed_43\gen_60\gemm\metrics.json
figure3,GEMM,Full-GA,43,energy,total_PE_optical_energy_mJ,total energy,mJ,ReferenceMapping,1.5708734939939561,1.5167121428106511,-0.054161351183305007,-3.4478493265297505,3.7673396106539467,True,,D:\HNOCS\out\experimental results\B-2-v4\seed_43\gen_60\gemm\metrics.json
figure3,MPEG4,Full-GA,43,thermal_safety,T_max_C,T_max,C,ReferenceMapping,54.44663874680003,52.81853737770001,-1.6281013691000226,-2.990269751400787,4.11216503036325,True,,D:\HNOCS\out\experimental results\B-2-v4\seed_43\gen_60\mpeg4\metrics.json
figure3,MPEG4,Full-GA,43,thermal_safety,sigma_T_K,sigma_T,K,ReferenceMapping,1.3003837749577485,1.1319204135137755,-0.168463361443973,-12.954895676812539,4.11216503036325,True,,D:\HNOCS\out\experimental results\B-2-v4\seed_43\gen_60\mpeg4\metrics.json
figure3,MPEG4,Full-GA,43,thermal_safety,N_hot,N_hot,count,ReferenceMapping,2.0,0.0,-2.0,-100.0,4.11216503036325,True,,D:\HNOCS\out\experimental results\B-2-v4\seed_43\gen_60\mpeg4\metrics.json
figure3,MPEG4,Full-GA,43,performance,makespan_us,makespan,us,ReferenceMapping,122.06989999999999,121.1636,-0.9062999999999874,-0.7424434688649617,4.11216503036325,True,,D:\HNOCS\out\experimental results\B-2-v4\seed_43\gen_60\mpeg4\metrics.json
figure3,MPEG4,Full-GA,43,performance,DVFS_penalty_pct,DVFS,%,ReferenceMapping,0.07168423611111063,0.0,-0.07168423611111063,-100.0,4.11216503036325,True,,D:\HNOCS\out\experimental results\B-2-v4\seed_43\gen_60\mpeg4\metrics.json
figure3,MPEG4,Full-GA,43,communication_pressure,comm_cost,comm,byte-hop,ReferenceMapping,420000.0,352000.0,-68000.0,-16.19047619047619,4.11216503036325,True,,D:\HNOCS\out\experimental results\B-2-v4\seed_43\gen_60\mpeg4\metrics.json
figure3,MPEG4,Full-GA,43,communication_pressure,congestion_proxy,congestion proxy,byte,ReferenceMapping,88000.0,24000.0,-64000.0,-72.72727272727273,4.11216503036325,True,,D:\HNOCS\out\experimental results\B-2-v4\seed_43\gen_60\mpeg4\metrics.json
figure3,MPEG4,Full-GA,43,mapping_balance,load_imbalance,load imbalance,ratio,ReferenceMapping,0.5670623064060744,0.5670623064060744,0.0,0.0,4.11216503036325,True,,D:\HNOCS\out\experimental results\B-2-v4\seed_43\gen_60\mpeg4\metrics.json
figure3,MPEG4,Full-GA,43,energy,total_PE_optical_energy_mJ,total energy,mJ,ReferenceMapping,1.1328804365769536,1.125682756899805,-0.007197679677148683,-0.6353432758444244,4.11216503036325,True,,D:\HNOCS\out\experimental results\B-2-v4\seed_43\gen_60\mpeg4\metrics.json
figure3,VOPD,Full-GA,43,thermal_safety,T_max_C,T_max,C,ReferenceMapping,52.22271921261,51.52152313343004,-0.7011960791799652,-1.342703118015065,4.349570016586447,True,,D:\HNOCS\out\experimental results\B-2-v4\seed_43\gen_60\vopd\metrics.json
figure3,VOPD,Full-GA,43,thermal_safety,sigma_T_K,sigma_T,K,ReferenceMapping,0.9870939912641029,0.8995542885961757,-0.08753970266792721,-8.868426253493977,4.349570016586447,True,,D:\HNOCS\out\experimental results\B-2-v4\seed_43\gen_60\vopd\metrics.json
figure3,VOPD,Full-GA,43,thermal_safety,N_hot,N_hot,count,ReferenceMapping,0.0,0.0,0.0,,4.349570016586447,True,,D:\HNOCS\out\experimental results\B-2-v4\seed_43\gen_60\vopd\metrics.json
figure3,VOPD,Full-GA,43,performance,makespan_us,makespan,us,ReferenceMapping,89.3329,89.3348,0.00190000000000623,0.002126875988595067,4.349570016586447,True,,D:\HNOCS\out\experimental results\B-2-v4\seed_43\gen_60\vopd\metrics.json
figure3,VOPD,Full-GA,43,performance,DVFS_penalty_pct,DVFS,%,ReferenceMapping,0.0,0.0,0.0,,4.349570016586447,True,,D:\HNOCS\out\experimental results\B-2-v4\seed_43\gen_60\vopd\metrics.json
figure3,VOPD,Full-GA,43,communication_pressure,comm_cost,comm,byte-hop,ReferenceMapping,1396000.0,980000.0,-416000.0,-29.79942693409742,4.349570016586447,True,,D:\HNOCS\out\experimental results\B-2-v4\seed_43\gen_60\vopd\metrics.json
figure3,VOPD,Full-GA,43,communication_pressure,congestion_proxy,congestion proxy,byte,ReferenceMapping,252000.0,128000.0,-124000.0,-49.20634920634921,4.349570016586447,True,,D:\HNOCS\out\experimental results\B-2-v4\seed_43\gen_60\vopd\metrics.json
figure3,VOPD,Full-GA,43,mapping_balance,load_imbalance,load imbalance,ratio,ReferenceMapping,0.35802469135802467,0.35802469135802467,0.0,0.0,4.349570016586447,True,,D:\HNOCS\out\experimental results\B-2-v4\seed_43\gen_60\vopd\metrics.json
figure3,VOPD,Full-GA,43,energy,total_PE_optical_energy_mJ,total energy,mJ,ReferenceMapping,0.7507385223064373,0.7491663498222894,-0.0015721724841479823,-0.20941678592939494,4.349570016586447,True,,D:\HNOCS\out\experimental results\B-2-v4\seed_43\gen_60\vopd\metrics.json
figure3,HNN,Full-GA,43,thermal_safety,T_max_C,T_max,C,ReferenceMapping,55.66757624162,56.16455265702001,0.49697641540001314,0.8927574163511753,5.462613147873699,True,,D:\HNOCS\out\experimental results\B-2-v4\seed_43\gen_60\hnn\metrics.json
figure3,HNN,Full-GA,43,thermal_safety,sigma_T_K,sigma_T,K,ReferenceMapping,2.454372247071413,1.7482141023913227,-0.7061581446800902,-28.77143617976804,5.462613147873699,True,,D:\HNOCS\out\experimental results\B-2-v4\seed_43\gen_60\hnn\metrics.json
figure3,HNN,Full-GA,43,thermal_safety,N_hot,N_hot,count,ReferenceMapping,16.0,11.0,-5.0,-31.25,5.462613147873699,True,,D:\HNOCS\out\experimental results\B-2-v4\seed_43\gen_60\hnn\metrics.json
figure3,HNN,Full-GA,43,performance,makespan_us,makespan,us,ReferenceMapping,203.177525,239.3087,36.131174999999985,17.783056959671107,5.462613147873699,True,,D:\HNOCS\out\experimental results\B-2-v4\seed_43\gen_60\hnn\metrics.json
figure3,HNN,Full-GA,43,performance,DVFS_penalty_pct,DVFS,%,ReferenceMapping,11.14198573637825,4.846467318273964,-6.295518418104287,-56.50266089957023,5.462613147873699,True,,D:\HNOCS\out\experimental results\B-2-v4\seed_43\gen_60\hnn\metrics.json
figure3,HNN,Full-GA,43,communication_pressure,comm_cost,comm,byte-hop,ReferenceMapping,2195456.0,1925120.0,-270336.0,-12.313432835820892,5.462613147873699,True,,D:\HNOCS\out\experimental results\B-2-v4\seed_43\gen_60\hnn\metrics.json
figure3,HNN,Full-GA,43,communication_pressure,congestion_proxy,congestion proxy,byte,ReferenceMapping,163840.0,139264.0,-24576.0,-15.000000000000002,5.462613147873699,True,,D:\HNOCS\out\experimental results\B-2-v4\seed_43\gen_60\hnn\metrics.json
figure3,HNN,Full-GA,43,mapping_balance,load_imbalance,load imbalance,ratio,ReferenceMapping,0.3028095733610822,0.39438085327783556,0.09157127991675335,30.240549828178676,5.462613147873699,True,,D:\HNOCS\out\experimental results\B-2-v4\seed_43\gen_60\hnn\metrics.json
figure3,HNN,Full-GA,43,energy,total_PE_optical_energy_mJ,total energy,mJ,ReferenceMapping,4.651317011228462,4.629237536290297,-0.022079474938164978,-0.47469297157910484,5.462613147873699,True,,D:\HNOCS\out\experimental results\B-2-v4\seed_43\gen_60\hnn\metrics.json
figure3,GEMM,Full-GA,44,thermal_safety,T_max_C,T_max,C,ReferenceMapping,54.93421735578005,53.08084279260004,-1.8533745631800116,-3.37380716862985,3.844634655649292,True,,D:\HNOCS\out\experimental results\B-2-v4\seed_44\gen_60\gemm\metrics.json
figure3,GEMM,Full-GA,44,thermal_safety,sigma_T_K,sigma_T,K,ReferenceMapping,2.1434761400252804,1.3300696112541894,-0.813406528771091,-37.948009477796084,3.844634655649292,True,,D:\HNOCS\out\experimental results\B-2-v4\seed_44\gen_60\gemm\metrics.json
figure3,GEMM,Full-GA,44,thermal_safety,N_hot,N_hot,count,ReferenceMapping,6.0,0.0,-6.0,-100.0,3.844634655649292,True,,D:\HNOCS\out\experimental results\B-2-v4\seed_44\gen_60\gemm\metrics.json
figure3,GEMM,Full-GA,44,performance,makespan_us,makespan,us,ReferenceMapping,120.405,116.61670000000001,-3.7882999999999925,-3.1462979112163003,3.844634655649292,True,,D:\HNOCS\out\experimental results\B-2-v4\seed_44\gen_60\gemm\metrics.json
figure3,GEMM,Full-GA,44,performance,DVFS_penalty_pct,DVFS,%,ReferenceMapping,1.8350526805555563,0.0,-1.8350526805555563,-100.0,3.844634655649292,True,,D:\HNOCS\out\experimental results\B-2-v4\seed_44\gen_60\gemm\metrics.json
figure3,GEMM,Full-GA,44,communication_pressure,comm_cost,comm,byte-hop,ReferenceMapping,104448.0,60416.0,-44032.0,-42.15686274509803,3.844634655649292,True,,D:\HNOCS\out\experimental results\B-2-v4\seed_44\gen_60\gemm\metrics.json
figure3,GEMM,Full-GA,44,communication_pressure,congestion_proxy,congestion proxy,byte,ReferenceMapping,22528.0,10240.0,-12288.0,-54.54545454545454,3.844634655649292,True,,D:\HNOCS\out\experimental results\B-2-v4\seed_44\gen_60\gemm\metrics.json
figure3,GEMM,Full-GA,44,mapping_balance,load_imbalance,load imbalance,ratio,ReferenceMapping,0.9202539178734378,0.9964292799047808,0.07617536203134301,8.27764604440613,3.844634655649292,True,,D:\HNOCS\out\experimental results\B-2-v4\seed_44\gen_60\gemm\metrics.json
figure3,GEMM,Full-GA,44,energy,total_PE_optical_energy_mJ,total energy,mJ,ReferenceMapping,1.5708734939939561,1.515344355416367,-0.05552913857758912,-3.534921098987154,3.844634655649292,True,,D:\HNOCS\out\experimental results\B-2-v4\seed_44\gen_60\gemm\metrics.json
figure3,MPEG4,Full-GA,44,thermal_safety,T_max_C,T_max,C,ReferenceMapping,54.44663874680003,52.025992957400035,-2.420645789399998,-4.445904917394494,4.131037306053756,True,,D:\HNOCS\out\experimental results\B-2-v4\seed_44\gen_60\mpeg4\metrics.json
figure3,MPEG4,Full-GA,44,thermal_safety,sigma_T_K,sigma_T,K,ReferenceMapping,1.3003837749577485,1.0637550628258994,-0.2366287121318491,-18.196836709958,4.131037306053756,True,,D:\HNOCS\out\experimental results\B-2-v4\seed_44\gen_60\mpeg4\metrics.json
figure3,MPEG4,Full-GA,44,thermal_safety,N_hot,N_hot,count,ReferenceMapping,2.0,0.0,-2.0,-100.0,4.131037306053756,True,,D:\HNOCS\out\experimental results\B-2-v4\seed_44\gen_60\mpeg4\metrics.json
figure3,MPEG4,Full-GA,44,performance,makespan_us,makespan,us,ReferenceMapping,122.06989999999999,121.6256,-0.44429999999998415,-0.36397178993345936,4.131037306053756,True,,D:\HNOCS\out\experimental results\B-2-v4\seed_44\gen_60\mpeg4\metrics.json
figure3,MPEG4,Full-GA,44,performance,DVFS_penalty_pct,DVFS,%,ReferenceMapping,0.07168423611111063,0.0,-0.07168423611111063,-100.0,4.131037306053756,True,,D:\HNOCS\out\experimental results\B-2-v4\seed_44\gen_60\mpeg4\metrics.json
figure3,MPEG4,Full-GA,44,communication_pressure,comm_cost,comm,byte-hop,ReferenceMapping,420000.0,336000.0,-84000.0,-19.999999999999996,4.131037306053756,True,,D:\HNOCS\out\experimental results\B-2-v4\seed_44\gen_60\mpeg4\metrics.json
figure3,MPEG4,Full-GA,44,communication_pressure,congestion_proxy,congestion proxy,byte,ReferenceMapping,88000.0,36000.0,-52000.0,-59.09090909090908,4.131037306053756,True,,D:\HNOCS\out\experimental results\B-2-v4\seed_44\gen_60\mpeg4\metrics.json
figure3,MPEG4,Full-GA,44,mapping_balance,load_imbalance,load imbalance,ratio,ReferenceMapping,0.5670623064060744,0.7644253172884515,0.19736301088237718,34.804466573210235,4.131037306053756,True,,D:\HNOCS\out\experimental results\B-2-v4\seed_44\gen_60\mpeg4\metrics.json
figure3,MPEG4,Full-GA,44,energy,total_PE_optical_energy_mJ,total energy,mJ,ReferenceMapping,1.1328804365769536,1.1275443470363125,-0.005336089540641131,-0.4710196564753466,4.131037306053756,True,,D:\HNOCS\out\experimental results\B-2-v4\seed_44\gen_60\mpeg4\metrics.json
figure3,VOPD,Full-GA,44,thermal_safety,T_max_C,T_max,C,ReferenceMapping,52.22271921261,51.447940923130034,-0.7747782894799684,-1.4836038819152186,4.407643664781135,True,,D:\HNOCS\out\experimental results\B-2-v4\seed_44\gen_60\vopd\metrics.json
figure3,VOPD,Full-GA,44,thermal_safety,sigma_T_K,sigma_T,K,ReferenceMapping,0.9870939912641029,0.862188439055063,-0.12490555220903987,-12.653866127690838,4.407643664781135,True,,D:\HNOCS\out\experimental results\B-2-v4\seed_44\gen_60\vopd\metrics.json
figure3,VOPD,Full-GA,44,thermal_safety,N_hot,N_hot,count,ReferenceMapping,0.0,0.0,0.0,,4.407643664781135,True,,D:\HNOCS\out\experimental results\B-2-v4\seed_44\gen_60\vopd\metrics.json
figure3,VOPD,Full-GA,44,performance,makespan_us,makespan,us,ReferenceMapping,89.3329,88.7368,-0.5960999999999927,-0.6672793562058188,4.407643664781135,True,,D:\HNOCS\out\experimental results\B-2-v4\seed_44\gen_60\vopd\metrics.json
figure3,VOPD,Full-GA,44,performance,DVFS_penalty_pct,DVFS,%,ReferenceMapping,0.0,0.0,0.0,,4.407643664781135,True,,D:\HNOCS\out\experimental results\B-2-v4\seed_44\gen_60\vopd\metrics.json
figure3,VOPD,Full-GA,44,communication_pressure,comm_cost,comm,byte-hop,ReferenceMapping,1396000.0,1230000.0,-166000.0,-11.891117478510028,4.407643664781135,True,,D:\HNOCS\out\experimental results\B-2-v4\seed_44\gen_60\vopd\metrics.json
figure3,VOPD,Full-GA,44,communication_pressure,congestion_proxy,congestion proxy,byte,ReferenceMapping,252000.0,144000.0,-108000.0,-42.85714285714286,4.407643664781135,True,,D:\HNOCS\out\experimental results\B-2-v4\seed_44\gen_60\vopd\metrics.json
figure3,VOPD,Full-GA,44,mapping_balance,load_imbalance,load imbalance,ratio,ReferenceMapping,0.35802469135802467,0.35802469135802467,0.0,0.0,4.407643664781135,True,,D:\HNOCS\out\experimental results\B-2-v4\seed_44\gen_60\vopd\metrics.json
figure3,VOPD,Full-GA,44,energy,total_PE_optical_energy_mJ,total energy,mJ,ReferenceMapping,0.7507385223064373,0.7462697670444793,-0.004468755261958002,-0.5952478964618702,4.407643664781135,True,,D:\HNOCS\out\experimental results\B-2-v4\seed_44\gen_60\vopd\metrics.json
figure3,HNN,Full-GA,44,thermal_safety,T_max_C,T_max,C,ReferenceMapping,55.66757624162,55.48081585205,-0.1867603895699972,-0.33549222398220335,5.085554701009119,True,,D:\HNOCS\out\experimental results\B-2-v4\seed_44\gen_60\hnn\metrics.json
figure3,HNN,Full-GA,44,thermal_safety,sigma_T_K,sigma_T,K,ReferenceMapping,2.454372247071413,1.6481488649975016,-0.8062233820739113,-32.84845577258735,5.085554701009119,True,,D:\HNOCS\out\experimental results\B-2-v4\seed_44\gen_60\hnn\metrics.json
figure3,HNN,Full-GA,44,thermal_safety,N_hot,N_hot,count,ReferenceMapping,16.0,7.0,-9.0,-56.25,5.085554701009119,True,,D:\HNOCS\out\experimental results\B-2-v4\seed_44\gen_60\hnn\metrics.json
figure3,HNN,Full-GA,44,performance,makespan_us,makespan,us,ReferenceMapping,203.177525,238.3187,35.141175000000004,17.29579834186876,5.085554701009119,True,,D:\HNOCS\out\experimental results\B-2-v4\seed_44\gen_60\hnn\metrics.json
figure3,HNN,Full-GA,44,performance,DVFS_penalty_pct,DVFS,%,ReferenceMapping,11.14198573637825,1.987052938289144,-9.154932798089106,-82.16607896201594,5.085554701009119,True,,D:\HNOCS\out\experimental results\B-2-v4\seed_44\gen_60\hnn\metrics.json
figure3,HNN,Full-GA,44,communication_pressure,comm_cost,comm,byte-hop,ReferenceMapping,2195456.0,1548288.0,-647168.0,-29.47761194029851,5.085554701009119,True,,D:\HNOCS\out\experimental results\B-2-v4\seed_44\gen_60\hnn\metrics.json
figure3,HNN,Full-GA,44,communication_pressure,congestion_proxy,congestion proxy,byte,ReferenceMapping,163840.0,122880.0,-40960.0,-25.0,5.085554701009119,True,,D:\HNOCS\out\experimental results\B-2-v4\seed_44\gen_60\hnn\metrics.json
figure3,HNN,Full-GA,44,mapping_balance,load_imbalance,load imbalance,ratio,ReferenceMapping,0.3028095733610822,0.5983350676378772,0.29552549427679503,97.59450171821307,5.085554701009119,True,,D:\HNOCS\out\experimental results\B-2-v4\seed_44\gen_60\hnn\metrics.json
figure3,HNN,Full-GA,44,energy,total_PE_optical_energy_mJ,total energy,mJ,ReferenceMapping,4.651317011228462,4.5385945057119335,-0.11272250551652885,-2.4234535131536394,5.085554701009119,True,,D:\HNOCS\out\experimental results\B-2-v4\seed_44\gen_60\hnn\metrics.json
figure3,GEMM,Full-GA,45,thermal_safety,T_max_C,T_max,C,ReferenceMapping,54.93421735578005,53.13119804089001,-1.8030193148900366,-3.2821425364319423,3.7465646208919887,True,,D:\HNOCS\out\experimental results\B-2-v4\seed_45\gen_60\gemm\metrics.json
figure3,GEMM,Full-GA,45,thermal_safety,sigma_T_K,sigma_T,K,ReferenceMapping,2.1434761400252804,1.4062426275223399,-0.7372335125029406,-34.394295263498734,3.7465646208919887,True,,D:\HNOCS\out\experimental results\B-2-v4\seed_45\gen_60\gemm\metrics.json
figure3,GEMM,Full-GA,45,thermal_safety,N_hot,N_hot,count,ReferenceMapping,6.0,0.0,-6.0,-100.0,3.7465646208919887,True,,D:\HNOCS\out\experimental results\B-2-v4\seed_45\gen_60\gemm\metrics.json
figure3,GEMM,Full-GA,45,performance,makespan_us,makespan,us,ReferenceMapping,120.405,116.74459999999999,-3.66040000000001,-3.04007308666584,3.7465646208919887,True,,D:\HNOCS\out\experimental results\B-2-v4\seed_45\gen_60\gemm\metrics.json
figure3,GEMM,Full-GA,45,performance,DVFS_penalty_pct,DVFS,%,ReferenceMapping,1.8350526805555563,0.0,-1.8350526805555563,-100.0,3.7465646208919887,True,,D:\HNOCS\out\experimental results\B-2-v4\seed_45\gen_60\gemm\metrics.json
figure3,GEMM,Full-GA,45,communication_pressure,comm_cost,comm,byte-hop,ReferenceMapping,104448.0,51200.0,-53248.0,-50.98039215686274,3.7465646208919887,True,,D:\HNOCS\out\experimental results\B-2-v4\seed_45\gen_60\gemm\metrics.json
figure3,GEMM,Full-GA,45,communication_pressure,congestion_proxy,congestion proxy,byte,ReferenceMapping,22528.0,8192.0,-14336.0,-63.63636363636363,3.7465646208919887,True,,D:\HNOCS\out\experimental results\B-2-v4\seed_45\gen_60\gemm\metrics.json
figure3,GEMM,Full-GA,45,mapping_balance,load_imbalance,load imbalance,ratio,ReferenceMapping,0.9202539178734378,0.8059908748264233,-0.11426304304701451,-12.416469066609181,3.7465646208919887,True,,D:\HNOCS\out\experimental results\B-2-v4\seed_45\gen_60\gemm\metrics.json
figure3,GEMM,Full-GA,45,energy,total_PE_optical_energy_mJ,total energy,mJ,ReferenceMapping,1.5708734939939561,1.516500416263109,-0.0543730777308471,-3.46132759504415,3.7465646208919887,True,,D:\HNOCS\out\experimental results\B-2-v4\seed_45\gen_60\gemm\metrics.json
figure3,MPEG4,Full-GA,45,thermal_safety,T_max_C,T_max,C,ReferenceMapping,54.44663874680003,52.87960480218004,-1.5670339446199932,-2.8781096146400675,4.049490827462077,True,,D:\HNOCS\out\experimental results\B-2-v4\seed_45\gen_60\mpeg4\metrics.json
figure3,MPEG4,Full-GA,45,thermal_safety,sigma_T_K,sigma_T,K,ReferenceMapping,1.3003837749577485,1.0994383653775313,-0.20094540958021723,-15.452777360802294,4.049490827462077,True,,D:\HNOCS\out\experimental results\B-2-v4\seed_45\gen_60\mpeg4\metrics.json
figure3,MPEG4,Full-GA,45,thermal_safety,N_hot,N_hot,count,ReferenceMapping,2.0,0.0,-2.0,-100.0,4.049490827462077,True,,D:\HNOCS\out\experimental results\B-2-v4\seed_45\gen_60\mpeg4\metrics.json
figure3,MPEG4,Full-GA,45,performance,makespan_us,makespan,us,ReferenceMapping,122.06989999999999,121.6196,-0.4502999999999844,-0.3688870065429617,4.049490827462077,True,,D:\HNOCS\out\experimental results\B-2-v4\seed_45\gen_60\mpeg4\metrics.json
figure3,MPEG4,Full-GA,45,performance,DVFS_penalty_pct,DVFS,%,ReferenceMapping,0.07168423611111063,0.0,-0.07168423611111063,-100.0,4.049490827462077,True,,D:\HNOCS\out\experimental results\B-2-v4\seed_45\gen_60\mpeg4\metrics.json
figure3,MPEG4,Full-GA,45,communication_pressure,comm_cost,comm,byte-hop,ReferenceMapping,420000.0,300000.0,-120000.0,-28.57142857142857,4.049490827462077,True,,D:\HNOCS\out\experimental results\B-2-v4\seed_45\gen_60\mpeg4\metrics.json
figure3,MPEG4,Full-GA,45,communication_pressure,congestion_proxy,congestion proxy,byte,ReferenceMapping,88000.0,24000.0,-64000.0,-72.72727272727273,4.049490827462077,True,,D:\HNOCS\out\experimental results\B-2-v4\seed_45\gen_60\mpeg4\metrics.json
figure3,MPEG4,Full-GA,45,mapping_balance,load_imbalance,load imbalance,ratio,ReferenceMapping,0.5670623064060744,0.5670623064060744,0.0,0.0,4.049490827462077,True,,D:\HNOCS\out\experimental results\B-2-v4\seed_45\gen_60\mpeg4\metrics.json
figure3,MPEG4,Full-GA,45,energy,total_PE_optical_energy_mJ,total energy,mJ,ReferenceMapping,1.1328804365769536,1.1276795385642067,-0.005200898012746924,-0.45908622347311523,4.049490827462077,True,,D:\HNOCS\out\experimental results\B-2-v4\seed_45\gen_60\mpeg4\metrics.json
figure3,VOPD,Full-GA,45,thermal_safety,T_max_C,T_max,C,ReferenceMapping,52.22271921261,51.94803907478001,-0.27468013782998923,-0.5259782370039101,4.398872014789851,True,,D:\HNOCS\out\experimental results\B-2-v4\seed_45\gen_60\vopd\metrics.json
figure3,VOPD,Full-GA,45,thermal_safety,sigma_T_K,sigma_T,K,ReferenceMapping,0.9870939912641029,0.9154805350445541,-0.07161345621954884,-7.254978437042093,4.398872014789851,True,,D:\HNOCS\out\experimental results\B-2-v4\seed_45\gen_60\vopd\metrics.json
figure3,VOPD,Full-GA,45,thermal_safety,N_hot,N_hot,count,ReferenceMapping,0.0,0.0,0.0,,4.398872014789851,True,,D:\HNOCS\out\experimental results\B-2-v4\seed_45\gen_60\vopd\metrics.json
figure3,VOPD,Full-GA,45,performance,makespan_us,makespan,us,ReferenceMapping,89.3329,87.30269999999999,-2.0302000000000078,-2.2726229642158757,4.398872014789851,True,,D:\HNOCS\out\experimental results\B-2-v4\seed_45\gen_60\vopd\metrics.json
figure3,VOPD,Full-GA,45,performance,DVFS_penalty_pct,DVFS,%,ReferenceMapping,0.0,0.0,0.0,,4.398872014789851,True,,D:\HNOCS\out\experimental results\B-2-v4\seed_45\gen_60\vopd\metrics.json
figure3,VOPD,Full-GA,45,communication_pressure,comm_cost,comm,byte-hop,ReferenceMapping,1396000.0,1050000.0,-346000.0,-24.785100286532945,4.398872014789851,True,,D:\HNOCS\out\experimental results\B-2-v4\seed_45\gen_60\vopd\metrics.json
figure3,VOPD,Full-GA,45,communication_pressure,congestion_proxy,congestion proxy,byte,ReferenceMapping,252000.0,124000.0,-128000.0,-50.79365079365079,4.398872014789851,True,,D:\HNOCS\out\experimental results\B-2-v4\seed_45\gen_60\vopd\metrics.json
figure3,VOPD,Full-GA,45,mapping_balance,load_imbalance,load imbalance,ratio,ReferenceMapping,0.35802469135802467,0.35802469135802467,0.0,0.0,4.398872014789851,True,,D:\HNOCS\out\experimental results\B-2-v4\seed_45\gen_60\vopd\metrics.json
figure3,VOPD,Full-GA,45,energy,total_PE_optical_energy_mJ,total energy,mJ,ReferenceMapping,0.7507385223064373,0.7378547215067333,-0.012883800799704082,-1.7161502196693101,4.398872014789851,True,,D:\HNOCS\out\experimental results\B-2-v4\seed_45\gen_60\vopd\metrics.json
figure3,HNN,Full-GA,45,thermal_safety,T_max_C,T_max,C,ReferenceMapping,55.66757624162,56.47661709114004,0.809040849520045,1.4533430483994358,5.373174744913506,True,,D:\HNOCS\out\experimental results\B-2-v4\seed_45\gen_60\hnn\metrics.json
figure3,HNN,Full-GA,45,thermal_safety,sigma_T_K,sigma_T,K,ReferenceMapping,2.454372247071413,1.8755066898106707,-0.5788655572607422,-23.58507589675738,5.373174744913506,True,,D:\HNOCS\out\experimental results\B-2-v4\seed_45\gen_60\hnn\metrics.json
figure3,HNN,Full-GA,45,thermal_safety,N_hot,N_hot,count,ReferenceMapping,16.0,13.0,-3.0,-18.75,5.373174744913506,True,,D:\HNOCS\out\experimental results\B-2-v4\seed_45\gen_60\hnn\metrics.json
figure3,HNN,Full-GA,45,performance,makespan_us,makespan,us,ReferenceMapping,203.177525,198.10459999999998,-5.072925000000026,-2.4967943673888326,5.373174744913506,True,,D:\HNOCS\out\experimental results\B-2-v4\seed_45\gen_60\hnn\metrics.json
figure3,HNN,Full-GA,45,performance,DVFS_penalty_pct,DVFS,%,ReferenceMapping,11.14198573637825,8.497955613563537,-2.644030122814714,-23.730331247706005,5.373174744913506,True,,D:\HNOCS\out\experimental results\B-2-v4\seed_45\gen_60\hnn\metrics.json
figure3,HNN,Full-GA,45,communication_pressure,comm_cost,comm,byte-hop,ReferenceMapping,2195456.0,1687552.0,-507904.0,-23.134328358208954,5.373174744913506,True,,D:\HNOCS\out\experimental results\B-2-v4\seed_45\gen_60\hnn\metrics.json
figure3,HNN,Full-GA,45,communication_pressure,congestion_proxy,congestion proxy,byte,ReferenceMapping,163840.0,131072.0,-32768.0,-19.999999999999996,5.373174744913506,True,,D:\HNOCS\out\experimental results\B-2-v4\seed_45\gen_60\hnn\metrics.json
figure3,HNN,Full-GA,45,mapping_balance,load_imbalance,load imbalance,ratio,ReferenceMapping,0.3028095733610822,0.32362122788761705,0.02081165452653483,6.872852233676974,5.373174744913506,True,,D:\HNOCS\out\experimental results\B-2-v4\seed_45\gen_60\hnn\metrics.json
figure3,HNN,Full-GA,45,energy,total_PE_optical_energy_mJ,total energy,mJ,ReferenceMapping,4.651317011228462,4.552326359540738,-0.09899065168772392,-2.1282284447341815,5.373174744913506,True,,D:\HNOCS\out\experimental results\B-2-v4\seed_45\gen_60\hnn\metrics.json
figure3,GEMM,Full-GA,46,thermal_safety,T_max_C,T_max,C,ReferenceMapping,54.93421735578005,52.72885150614002,-2.2053658496400317,-4.014557694263732,3.741650923084499,True,,D:\HNOCS\out\experimental results\B-2-v4\seed_46\gen_60\gemm\metrics.json
figure3,GEMM,Full-GA,46,thermal_safety,sigma_T_K,sigma_T,K,ReferenceMapping,2.1434761400252804,1.363760546452741,-0.7797155935725395,-36.37621987074432,3.741650923084499,True,,D:\HNOCS\out\experimental results\B-2-v4\seed_46\gen_60\gemm\metrics.json
figure3,GEMM,Full-GA,46,thermal_safety,N_hot,N_hot,count,ReferenceMapping,6.0,0.0,-6.0,-100.0,3.741650923084499,True,,D:\HNOCS\out\experimental results\B-2-v4\seed_46\gen_60\gemm\metrics.json
figure3,GEMM,Full-GA,46,performance,makespan_us,makespan,us,ReferenceMapping,120.405,116.7947,-3.610299999999995,-2.998463518956851,3.741650923084499,True,,D:\HNOCS\out\experimental results\B-2-v4\seed_46\gen_60\gemm\metrics.json
figure3,GEMM,Full-GA,46,performance,DVFS_penalty_pct,DVFS,%,ReferenceMapping,1.8350526805555563,0.0,-1.8350526805555563,-100.0,3.741650923084499,True,,D:\HNOCS\out\experimental results\B-2-v4\seed_46\gen_60\gemm\metrics.json
figure3,GEMM,Full-GA,46,communication_pressure,comm_cost,comm,byte-hop,ReferenceMapping,104448.0,65536.0,-38912.0,-37.254901960784316,3.741650923084499,True,,D:\HNOCS\out\experimental results\B-2-v4\seed_46\gen_60\gemm\metrics.json
figure3,GEMM,Full-GA,46,communication_pressure,congestion_proxy,congestion proxy,byte,ReferenceMapping,22528.0,8192.0,-14336.0,-63.63636363636363,3.741650923084499,True,,D:\HNOCS\out\experimental results\B-2-v4\seed_46\gen_60\gemm\metrics.json
figure3,GEMM,Full-GA,46,mapping_balance,load_imbalance,load imbalance,ratio,ReferenceMapping,0.9202539178734378,0.8059908748264233,-0.11426304304701451,-12.416469066609181,3.741650923084499,True,,D:\HNOCS\out\experimental results\B-2-v4\seed_46\gen_60\gemm\metrics.json
figure3,GEMM,Full-GA,46,energy,total_PE_optical_energy_mJ,total energy,mJ,ReferenceMapping,1.5708734939939561,1.5165172339048945,-0.05435626008906169,-3.460257003309708,3.741650923084499,True,,D:\HNOCS\out\experimental results\B-2-v4\seed_46\gen_60\gemm\metrics.json
figure3,MPEG4,Full-GA,46,thermal_safety,T_max_C,T_max,C,ReferenceMapping,54.44663874680003,52.290550164980004,-2.156088581820029,-3.960003099267073,4.016261600531964,True,,D:\HNOCS\out\experimental results\B-2-v4\seed_46\gen_60\mpeg4\metrics.json
figure3,MPEG4,Full-GA,46,thermal_safety,sigma_T_K,sigma_T,K,ReferenceMapping,1.3003837749577485,1.0784628192320467,-0.2219209557257018,-17.06580472621726,4.016261600531964,True,,D:\HNOCS\out\experimental results\B-2-v4\seed_46\gen_60\mpeg4\metrics.json
figure3,MPEG4,Full-GA,46,thermal_safety,N_hot,N_hot,count,ReferenceMapping,2.0,0.0,-2.0,-100.0,4.016261600531964,True,,D:\HNOCS\out\experimental results\B-2-v4\seed_46\gen_60\mpeg4\metrics.json
figure3,MPEG4,Full-GA,46,performance,makespan_us,makespan,us,ReferenceMapping,122.06989999999999,121.5216,-0.5482999999999834,-0.44916887783146286,4.016261600531964,True,,D:\HNOCS\out\experimental results\B-2-v4\seed_46\gen_60\mpeg4\metrics.json
figure3,MPEG4,Full-GA,46,performance,DVFS_penalty_pct,DVFS,%,ReferenceMapping,0.07168423611111063,0.0,-0.07168423611111063,-100.0,4.016261600531964,True,,D:\HNOCS\out\experimental results\B-2-v4\seed_46\gen_60\mpeg4\metrics.json
figure3,MPEG4,Full-GA,46,communication_pressure,comm_cost,comm,byte-hop,ReferenceMapping,420000.0,300000.0,-120000.0,-28.57142857142857,4.016261600531964,True,,D:\HNOCS\out\experimental results\B-2-v4\seed_46\gen_60\mpeg4\metrics.json
figure3,MPEG4,Full-GA,46,communication_pressure,congestion_proxy,congestion proxy,byte,ReferenceMapping,88000.0,24000.0,-64000.0,-72.72727272727273,4.016261600531964,True,,D:\HNOCS\out\experimental results\B-2-v4\seed_46\gen_60\mpeg4\metrics.json
figure3,MPEG4,Full-GA,46,mapping_balance,load_imbalance,load imbalance,ratio,ReferenceMapping,0.5670623064060744,0.6986376469943258,0.1315753405882515,23.202977715473505,4.016261600531964,True,,D:\HNOCS\out\experimental results\B-2-v4\seed_46\gen_60\mpeg4\metrics.json
figure3,MPEG4,Full-GA,46,energy,total_PE_optical_energy_mJ,total energy,mJ,ReferenceMapping,1.1328804365769536,1.1272591879990506,-0.005621248577903026,-0.49619080676226446,4.016261600531964,True,,D:\HNOCS\out\experimental results\B-2-v4\seed_46\gen_60\mpeg4\metrics.json
figure3,VOPD,Full-GA,46,thermal_safety,T_max_C,T_max,C,ReferenceMapping,52.22271921261,52.275004732920024,0.05228552031002209,0.10012025627612609,4.446714704298548,True,,D:\HNOCS\out\experimental results\B-2-v4\seed_46\gen_60\vopd\metrics.json
figure3,VOPD,Full-GA,46,thermal_safety,sigma_T_K,sigma_T,K,ReferenceMapping,0.9870939912641029,0.9217627782721624,-0.06533121299194056,-6.61854023731574,4.446714704298548,True,,D:\HNOCS\out\experimental results\B-2-v4\seed_46\gen_60\vopd\metrics.json
figure3,VOPD,Full-GA,46,thermal_safety,N_hot,N_hot,count,ReferenceMapping,0.0,0.0,0.0,,4.446714704298548,True,,D:\HNOCS\out\experimental results\B-2-v4\seed_46\gen_60\vopd\metrics.json
figure3,VOPD,Full-GA,46,performance,makespan_us,makespan,us,ReferenceMapping,89.3329,87.7029,-1.6299999999999955,-1.8246357165165317,4.446714704298548,True,,D:\HNOCS\out\experimental results\B-2-v4\seed_46\gen_60\vopd\metrics.json
figure3,VOPD,Full-GA,46,performance,DVFS_penalty_pct,DVFS,%,ReferenceMapping,0.0,0.0,0.0,,4.446714704298548,True,,D:\HNOCS\out\experimental results\B-2-v4\seed_46\gen_60\vopd\metrics.json
figure3,VOPD,Full-GA,46,communication_pressure,comm_cost,comm,byte-hop,ReferenceMapping,1396000.0,924000.0,-472000.0,-33.810888252149,4.446714704298548,True,,D:\HNOCS\out\experimental results\B-2-v4\seed_46\gen_60\vopd\metrics.json
figure3,VOPD,Full-GA,46,communication_pressure,congestion_proxy,congestion proxy,byte,ReferenceMapping,252000.0,78000.0,-174000.0,-69.04761904761905,4.446714704298548,True,,D:\HNOCS\out\experimental results\B-2-v4\seed_46\gen_60\vopd\metrics.json
figure3,VOPD,Full-GA,46,mapping_balance,load_imbalance,load imbalance,ratio,ReferenceMapping,0.35802469135802467,0.6323731138545954,0.2743484224965707,76.62835249042148,4.446714704298548,True,,D:\HNOCS\out\experimental results\B-2-v4\seed_46\gen_60\vopd\metrics.json
figure3,VOPD,Full-GA,46,energy,total_PE_optical_energy_mJ,total energy,mJ,ReferenceMapping,0.7507385223064373,0.7400433229376454,-0.01069519936879193,-1.4246237606049372,4.446714704298548,True,,D:\HNOCS\out\experimental results\B-2-v4\seed_46\gen_60\vopd\metrics.json
figure3,HNN,Full-GA,46,thermal_safety,T_max_C,T_max,C,ReferenceMapping,55.66757624162,56.14919799997,0.481621758350002,0.8651746507869706,4.982882635915508,True,,D:\HNOCS\out\experimental results\B-2-v4\seed_46\gen_60\hnn\metrics.json
figure3,HNN,Full-GA,46,thermal_safety,sigma_T_K,sigma_T,K,ReferenceMapping,2.454372247071413,1.614644765235826,-0.8397274818355869,-34.21353394284669,4.982882635915508,True,,D:\HNOCS\out\experimental results\B-2-v4\seed_46\gen_60\hnn\metrics.json
figure3,HNN,Full-GA,46,thermal_safety,N_hot,N_hot,count,ReferenceMapping,16.0,9.0,-7.0,-43.75,4.982882635915508,True,,D:\HNOCS\out\experimental results\B-2-v4\seed_46\gen_60\hnn\metrics.json
figure3,HNN,Full-GA,46,performance,makespan_us,makespan,us,ReferenceMapping,203.177525,220.1926,17.015074999999996,8.374486794245573,4.982882635915508,True,,D:\HNOCS\out\experimental results\B-2-v4\seed_46\gen_60\hnn\metrics.json
figure3,HNN,Full-GA,46,performance,DVFS_penalty_pct,DVFS,%,ReferenceMapping,11.14198573637825,4.01606118536325,-7.125924551015001,-63.95560647460776,4.982882635915508,True,,D:\HNOCS\out\experimental results\B-2-v4\seed_46\gen_60\hnn\metrics.json
figure3,HNN,Full-GA,46,communication_pressure,comm_cost,comm,byte-hop,ReferenceMapping,2195456.0,1671168.0,-524288.0,-23.880597014925375,4.982882635915508,True,,D:\HNOCS\out\experimental results\B-2-v4\seed_46\gen_60\hnn\metrics.json
figure3,HNN,Full-GA,46,communication_pressure,congestion_proxy,congestion proxy,byte,ReferenceMapping,163840.0,106496.0,-57344.0,-35.0,4.982882635915508,True,,D:\HNOCS\out\experimental results\B-2-v4\seed_46\gen_60\hnn\metrics.json
figure3,HNN,Full-GA,46,mapping_balance,load_imbalance,load imbalance,ratio,ReferenceMapping,0.3028095733610822,0.38189386056191466,0.07908428720083244,26.116838487972505,4.982882635915508,True,,D:\HNOCS\out\experimental results\B-2-v4\seed_46\gen_60\hnn\metrics.json
figure3,HNN,Full-GA,46,energy,total_PE_optical_energy_mJ,total energy,mJ,ReferenceMapping,4.651317011228462,4.520959952843556,-0.13035705838490674,-2.802583828842875,4.982882635915508,True,,D:\HNOCS\out\experimental results\B-2-v4\seed_46\gen_60\hnn\metrics.json
figure3,GEMM,Full-GA,47,thermal_safety,T_max_C,T_max,C,ReferenceMapping,54.93421735578005,53.23242899570005,-1.701788360080002,-3.0978658511841783,3.8192535762656448,True,,D:\HNOCS\out\experimental results\B-2-v4\seed_47\gen_60\gemm\metrics.json
figure3,GEMM,Full-GA,47,thermal_safety,sigma_T_K,sigma_T,K,ReferenceMapping,2.1434761400252804,1.3883834265550827,-0.7550927134701977,-35.227483962629606,3.8192535762656448,True,,D:\HNOCS\out\experimental results\B-2-v4\seed_47\gen_60\gemm\metrics.json
figure3,GEMM,Full-GA,47,thermal_safety,N_hot,N_hot,count,ReferenceMapping,6.0,0.0,-6.0,-100.0,3.8192535762656448,True,,D:\HNOCS\out\experimental results\B-2-v4\seed_47\gen_60\gemm\metrics.json
figure3,GEMM,Full-GA,47,performance,makespan_us,makespan,us,ReferenceMapping,120.405,116.76089999999999,-3.6441000000000088,-3.026535442880285,3.8192535762656448,True,,D:\HNOCS\out\experimental results\B-2-v4\seed_47\gen_60\gemm\metrics.json
figure3,GEMM,Full-GA,47,performance,DVFS_penalty_pct,DVFS,%,ReferenceMapping,1.8350526805555563,0.0,-1.8350526805555563,-100.0,3.8192535762656448,True,,D:\HNOCS\out\experimental results\B-2-v4\seed_47\gen_60\gemm\metrics.json
figure3,GEMM,Full-GA,47,communication_pressure,comm_cost,comm,byte-hop,ReferenceMapping,104448.0,69632.0,-34816.0,-33.333333333333336,3.8192535762656448,True,,D:\HNOCS\out\experimental results\B-2-v4\seed_47\gen_60\gemm\metrics.json
figure3,GEMM,Full-GA,47,communication_pressure,congestion_proxy,congestion proxy,byte,ReferenceMapping,22528.0,8192.0,-14336.0,-63.63636363636363,3.8192535762656448,True,,D:\HNOCS\out\experimental results\B-2-v4\seed_47\gen_60\gemm\metrics.json
figure3,GEMM,Full-GA,47,mapping_balance,load_imbalance,load imbalance,ratio,ReferenceMapping,0.9202539178734378,0.8059908748264233,-0.11426304304701451,-12.416469066609181,3.8192535762656448,True,,D:\HNOCS\out\experimental results\B-2-v4\seed_47\gen_60\gemm\metrics.json
figure3,GEMM,Full-GA,47,energy,total_PE_optical_energy_mJ,total energy,mJ,ReferenceMapping,1.5708734939939561,1.5167518392859631,-0.05412165470799302,-3.445322294565445,3.8192535762656448,True,,D:\HNOCS\out\experimental results\B-2-v4\seed_47\gen_60\gemm\metrics.json
figure3,MPEG4,Full-GA,47,thermal_safety,T_max_C,T_max,C,ReferenceMapping,54.44663874680003,51.89987704372004,-2.5467617030799943,-4.677537055911785,4.083388623951365,True,,D:\HNOCS\out\experimental results\B-2-v4\seed_47\gen_60\mpeg4\metrics.json
figure3,MPEG4,Full-GA,47,thermal_safety,sigma_T_K,sigma_T,K,ReferenceMapping,1.3003837749577485,1.0272632400600779,-0.27312053489767063,-21.0030715668184,4.083388623951365,True,,D:\HNOCS\out\experimental results\B-2-v4\seed_47\gen_60\mpeg4\metrics.json
figure3,MPEG4,Full-GA,47,thermal_safety,N_hot,N_hot,count,ReferenceMapping,2.0,0.0,-2.0,-100.0,4.083388623951365,True,,D:\HNOCS\out\experimental results\B-2-v4\seed_47\gen_60\mpeg4\metrics.json
figure3,MPEG4,Full-GA,47,performance,makespan_us,makespan,us,ReferenceMapping,122.06989999999999,121.77759999999999,-0.29229999999999734,-0.23945296915947045,4.083388623951365,True,,D:\HNOCS\out\experimental results\B-2-v4\seed_47\gen_60\mpeg4\metrics.json
figure3,MPEG4,Full-GA,47,performance,DVFS_penalty_pct,DVFS,%,ReferenceMapping,0.07168423611111063,0.0,-0.07168423611111063,-100.0,4.083388623951365,True,,D:\HNOCS\out\experimental results\B-2-v4\seed_47\gen_60\mpeg4\metrics.json
figure3,MPEG4,Full-GA,47,communication_pressure,comm_cost,comm,byte-hop,ReferenceMapping,420000.0,304000.0,-116000.0,-27.61904761904762,4.083388623951365,True,,D:\HNOCS\out\experimental results\B-2-v4\seed_47\gen_60\mpeg4\metrics.json
figure3,MPEG4,Full-GA,47,communication_pressure,congestion_proxy,congestion proxy,byte,ReferenceMapping,88000.0,32000.0,-56000.0,-63.63636363636363,4.083388623951365,True,,D:\HNOCS\out\experimental results\B-2-v4\seed_47\gen_60\mpeg4\metrics.json
figure3,MPEG4,Full-GA,47,mapping_balance,load_imbalance,load imbalance,ratio,ReferenceMapping,0.5670623064060744,0.9179298813080782,0.3508675749020038,61.87460724126264,4.083388623951365,True,,D:\HNOCS\out\experimental results\B-2-v4\seed_47\gen_60\mpeg4\metrics.json
figure3,MPEG4,Full-GA,47,energy,total_PE_optical_energy_mJ,total energy,mJ,ReferenceMapping,1.1328804365769536,1.128504756548051,-0.00437568002890254,-0.38624376303326713,4.083388623951365,True,,D:\HNOCS\out\experimental results\B-2-v4\seed_47\gen_60\mpeg4\metrics.json
figure3,VOPD,Full-GA,47,thermal_safety,T_max_C,T_max,C,ReferenceMapping,52.22271921261,52.202270997460005,-0.020448215149997395,-0.03915578403098641,4.473743433386786,True,,D:\HNOCS\out\experimental results\B-2-v4\seed_47\gen_60\vopd\metrics.json
figure3,VOPD,Full-GA,47,thermal_safety,sigma_T_K,sigma_T,K,ReferenceMapping,0.9870939912641029,0.9350136422126879,-0.05208034905141501,-5.276128667820101,4.473743433386786,True,,D:\HNOCS\out\experimental results\B-2-v4\seed_47\gen_60\vopd\metrics.json
figure3,VOPD,Full-GA,47,thermal_safety,N_hot,N_hot,count,ReferenceMapping,0.0,0.0,0.0,,4.473743433386786,True,,D:\HNOCS\out\experimental results\B-2-v4\seed_47\gen_60\vopd\metrics.json
figure3,VOPD,Full-GA,47,performance,makespan_us,makespan,us,ReferenceMapping,89.3329,87.3008,-2.0321,-2.2747498402044486,4.473743433386786,True,,D:\HNOCS\out\experimental results\B-2-v4\seed_47\gen_60\vopd\metrics.json
figure3,VOPD,Full-GA,47,performance,DVFS_penalty_pct,DVFS,%,ReferenceMapping,0.0,0.0,0.0,,4.473743433386786,True,,D:\HNOCS\out\experimental results\B-2-v4\seed_47\gen_60\vopd\metrics.json
figure3,VOPD,Full-GA,47,communication_pressure,comm_cost,comm,byte-hop,ReferenceMapping,1396000.0,1080000.0,-316000.0,-22.636103151862464,4.473743433386786,True,,D:\HNOCS\out\experimental results\B-2-v4\seed_47\gen_60\vopd\metrics.json
figure3,VOPD,Full-GA,47,communication_pressure,congestion_proxy,congestion proxy,byte,ReferenceMapping,252000.0,128000.0,-124000.0,-49.20634920634921,4.473743433386786,True,,D:\HNOCS\out\experimental results\B-2-v4\seed_47\gen_60\vopd\metrics.json
figure3,VOPD,Full-GA,47,mapping_balance,load_imbalance,load imbalance,ratio,ReferenceMapping,0.35802469135802467,0.35802469135802467,0.0,0.0,4.473743433386786,True,,D:\HNOCS\out\experimental results\B-2-v4\seed_47\gen_60\vopd\metrics.json
figure3,VOPD,Full-GA,47,energy,total_PE_optical_energy_mJ,total energy,mJ,ReferenceMapping,0.7507385223064373,0.7381586547046212,-0.012579867601816175,-1.6756656582864515,4.473743433386786,True,,D:\HNOCS\out\experimental results\B-2-v4\seed_47\gen_60\vopd\metrics.json
figure3,HNN,Full-GA,47,thermal_safety,T_max_C,T_max,C,ReferenceMapping,55.66757624162,55.43997479507004,-0.2276014465499543,-0.40885819343394747,5.038941886660901,True,,D:\HNOCS\out\experimental results\B-2-v4\seed_47\gen_60\hnn\metrics.json
figure3,HNN,Full-GA,47,thermal_safety,sigma_T_K,sigma_T,K,ReferenceMapping,2.454372247071413,1.664449978530488,-0.7899222685409248,-32.184289464789614,5.038941886660901,True,,D:\HNOCS\out\experimental results\B-2-v4\seed_47\gen_60\hnn\metrics.json
figure3,HNN,Full-GA,47,thermal_safety,N_hot,N_hot,count,ReferenceMapping,16.0,5.0,-11.0,-68.75,5.038941886660901,True,,D:\HNOCS\out\experimental results\B-2-v4\seed_47\gen_60\hnn\metrics.json
figure3,HNN,Full-GA,47,performance,makespan_us,makespan,us,ReferenceMapping,203.177525,238.1106,34.933075,17.19337559604588,5.038941886660901,True,,D:\HNOCS\out\experimental results\B-2-v4\seed_47\gen_60\hnn\metrics.json
figure3,HNN,Full-GA,47,performance,DVFS_penalty_pct,DVFS,%,ReferenceMapping,11.14198573637825,1.3007407868589813,-9.84124494951927,-88.32577228480825,5.038941886660901,True,,D:\HNOCS\out\experimental results\B-2-v4\seed_47\gen_60\hnn\metrics.json
figure3,HNN,Full-GA,47,communication_pressure,comm_cost,comm,byte-hop,ReferenceMapping,2195456.0,1736704.0,-458752.0,-20.895522388059707,5.038941886660901,True,,D:\HNOCS\out\experimental results\B-2-v4\seed_47\gen_60\hnn\metrics.json
figure3,HNN,Full-GA,47,communication_pressure,congestion_proxy,congestion proxy,byte,ReferenceMapping,163840.0,131072.0,-32768.0,-19.999999999999996,5.038941886660901,True,,D:\HNOCS\out\experimental results\B-2-v4\seed_47\gen_60\hnn\metrics.json
figure3,HNN,Full-GA,47,mapping_balance,load_imbalance,load imbalance,ratio,ReferenceMapping,0.3028095733610822,0.5775234131113424,0.27471383975026015,90.72164948453607,5.038941886660901,True,,D:\HNOCS\out\experimental results\B-2-v4\seed_47\gen_60\hnn\metrics.json
figure3,HNN,Full-GA,47,energy,total_PE_optical_energy_mJ,total energy,mJ,ReferenceMapping,4.651317011228462,4.500074509431657,-0.15124250179680487,-3.2516059737854763,5.038941886660901,True,,D:\HNOCS\out\experimental results\B-2-v4\seed_47\gen_60\hnn\metrics.json
figure3,GEMM,Full-GA,48,thermal_safety,T_max_C,T_max,C,ReferenceMapping,54.93421735578005,52.920489494440005,-2.013727861340044,-3.6657077469552157,3.7259784989639666,True,,D:\HNOCS\out\experimental results\B-2-v4\seed_48\gen_60\gemm\metrics.json
figure3,GEMM,Full-GA,48,thermal_safety,sigma_T_K,sigma_T,K,ReferenceMapping,2.1434761400252804,1.3334026497899885,-0.810073490235292,-37.7925125971189,3.7259784989639666,True,,D:\HNOCS\out\experimental results\B-2-v4\seed_48\gen_60\gemm\metrics.json
figure3,GEMM,Full-GA,48,thermal_safety,N_hot,N_hot,count,ReferenceMapping,6.0,0.0,-6.0,-100.0,3.7259784989639666,True,,D:\HNOCS\out\experimental results\B-2-v4\seed_48\gen_60\gemm\metrics.json
figure3,GEMM,Full-GA,48,performance,makespan_us,makespan,us,ReferenceMapping,120.405,116.6966,-3.7083999999999975,-3.0799385407582758,3.7259784989639666,True,,D:\HNOCS\out\experimental results\B-2-v4\seed_48\gen_60\gemm\metrics.json
figure3,GEMM,Full-GA,48,performance,DVFS_penalty_pct,DVFS,%,ReferenceMapping,1.8350526805555563,0.0,-1.8350526805555563,-100.0,3.7259784989639666,True,,D:\HNOCS\out\experimental results\B-2-v4\seed_48\gen_60\gemm\metrics.json
figure3,GEMM,Full-GA,48,communication_pressure,comm_cost,comm,byte-hop,ReferenceMapping,104448.0,60416.0,-44032.0,-42.15686274509803,3.7259784989639666,True,,D:\HNOCS\out\experimental results\B-2-v4\seed_48\gen_60\gemm\metrics.json
figure3,GEMM,Full-GA,48,communication_pressure,congestion_proxy,congestion proxy,byte,ReferenceMapping,22528.0,8192.0,-14336.0,-63.63636363636363,3.7259784989639666,True,,D:\HNOCS\out\experimental results\B-2-v4\seed_48\gen_60\gemm\metrics.json
figure3,GEMM,Full-GA,48,mapping_balance,load_imbalance,load imbalance,ratio,ReferenceMapping,0.9202539178734378,0.8059908748264233,-0.11426304304701451,-12.416469066609181,3.7259784989639666,True,,D:\HNOCS\out\experimental results\B-2-v4\seed_48\gen_60\gemm\metrics.json
figure3,GEMM,Full-GA,48,energy,total_PE_optical_energy_mJ,total energy,mJ,ReferenceMapping,1.5708734939939561,1.5158428528834058,-0.05503064111055034,-3.5031873235466304,3.7259784989639666,True,,D:\HNOCS\out\experimental results\B-2-v4\seed_48\gen_60\gemm\metrics.json
figure3,MPEG4,Full-GA,48,thermal_safety,T_max_C,T_max,C,ReferenceMapping,54.44663874680003,52.757701079560036,-1.6889376672399976,-3.1020053875029374,4.188175475521553,True,,D:\HNOCS\out\experimental results\B-2-v4\seed_48\gen_60\mpeg4\metrics.json
figure3,MPEG4,Full-GA,48,thermal_safety,sigma_T_K,sigma_T,K,ReferenceMapping,1.3003837749577485,1.113916048654285,-0.18646772630346353,-14.339438087000289,4.188175475521553,True,,D:\HNOCS\out\experimental results\B-2-v4\seed_48\gen_60\mpeg4\metrics.json
figure3,MPEG4,Full-GA,48,thermal_safety,N_hot,N_hot,count,ReferenceMapping,2.0,0.0,-2.0,-100.0,4.188175475521553,True,,D:\HNOCS\out\experimental results\B-2-v4\seed_48\gen_60\mpeg4\metrics.json
figure3,MPEG4,Full-GA,48,performance,makespan_us,makespan,us,ReferenceMapping,122.06989999999999,121.3202,-0.74969999999999,-0.6141563153570173,4.188175475521553,True,,D:\HNOCS\out\experimental results\B-2-v4\seed_48\gen_60\mpeg4\metrics.json
figure3,MPEG4,Full-GA,48,performance,DVFS_penalty_pct,DVFS,%,ReferenceMapping,0.07168423611111063,0.0,-0.07168423611111063,-100.0,4.188175475521553,True,,D:\HNOCS\out\experimental results\B-2-v4\seed_48\gen_60\mpeg4\metrics.json
figure3,MPEG4,Full-GA,48,communication_pressure,comm_cost,comm,byte-hop,ReferenceMapping,420000.0,296000.0,-124000.0,-29.52380952380952,4.188175475521553,True,,D:\HNOCS\out\experimental results\B-2-v4\seed_48\gen_60\mpeg4\metrics.json
figure3,MPEG4,Full-GA,48,communication_pressure,congestion_proxy,congestion proxy,byte,ReferenceMapping,88000.0,28000.0,-60000.0,-68.18181818181819,4.188175475521553,True,,D:\HNOCS\out\experimental results\B-2-v4\seed_48\gen_60\mpeg4\metrics.json
figure3,MPEG4,Full-GA,48,mapping_balance,load_imbalance,load imbalance,ratio,ReferenceMapping,0.5670623064060744,0.8960006578767029,0.32893835147062855,58.007444288683715,4.188175475521553,True,,D:\HNOCS\out\experimental results\B-2-v4\seed_48\gen_60\mpeg4\metrics.json
figure3,MPEG4,Full-GA,48,energy,total_PE_optical_energy_mJ,total energy,mJ,ReferenceMapping,1.1328804365769536,1.1262643335165439,-0.006616103060409717,-0.584007177350554,4.188175475521553,True,,D:\HNOCS\out\experimental results\B-2-v4\seed_48\gen_60\mpeg4\metrics.json
figure3,VOPD,Full-GA,48,thermal_safety,T_max_C,T_max,C,ReferenceMapping,52.22271921261,52.34654406093,0.12382484831999818,0.23710915514736364,4.3470398343814445,True,,D:\HNOCS\out\experimental results\B-2-v4\seed_48\gen_60\vopd\metrics.json
figure3,VOPD,Full-GA,48,thermal_safety,sigma_T_K,sigma_T,K,ReferenceMapping,0.9870939912641029,0.9659049869487715,-0.02118900431533144,-2.1466045283282664,4.3470398343814445,True,,D:\HNOCS\out\experimental results\B-2-v4\seed_48\gen_60\vopd\metrics.json
figure3,VOPD,Full-GA,48,thermal_safety,N_hot,N_hot,count,ReferenceMapping,0.0,0.0,0.0,,4.3470398343814445,True,,D:\HNOCS\out\experimental results\B-2-v4\seed_48\gen_60\vopd\metrics.json
figure3,VOPD,Full-GA,48,performance,makespan_us,makespan,us,ReferenceMapping,89.3329,87.3487,-1.9842000000000013,-2.2211301771239977,4.3470398343814445,True,,D:\HNOCS\out\experimental results\B-2-v4\seed_48\gen_60\vopd\metrics.json
figure3,VOPD,Full-GA,48,performance,DVFS_penalty_pct,DVFS,%,ReferenceMapping,0.0,0.0,0.0,,4.3470398343814445,True,,D:\HNOCS\out\experimental results\B-2-v4\seed_48\gen_60\vopd\metrics.json
figure3,VOPD,Full-GA,48,communication_pressure,comm_cost,comm,byte-hop,ReferenceMapping,1396000.0,1000000.0,-396000.0,-28.36676217765043,4.3470398343814445,True,,D:\HNOCS\out\experimental results\B-2-v4\seed_48\gen_60\vopd\metrics.json
figure3,VOPD,Full-GA,48,communication_pressure,congestion_proxy,congestion proxy,byte,ReferenceMapping,252000.0,72000.0,-180000.0,-71.42857142857143,4.3470398343814445,True,,D:\HNOCS\out\experimental results\B-2-v4\seed_48\gen_60\vopd\metrics.json
figure3,VOPD,Full-GA,48,mapping_balance,load_imbalance,load imbalance,ratio,ReferenceMapping,0.35802469135802467,0.35802469135802467,0.0,0.0,4.3470398343814445,True,,D:\HNOCS\out\experimental results\B-2-v4\seed_48\gen_60\vopd\metrics.json
figure3,VOPD,Full-GA,48,energy,total_PE_optical_energy_mJ,total energy,mJ,ReferenceMapping,0.7507385223064373,0.7379499787168916,-0.012788543589545731,-1.7034617526028195,4.3470398343814445,True,,D:\HNOCS\out\experimental results\B-2-v4\seed_48\gen_60\vopd\metrics.json
figure3,HNN,Full-GA,48,thermal_safety,T_max_C,T_max,C,ReferenceMapping,55.66757624162,54.83583567473005,-0.8317405668899482,-1.4941203175073636,4.878621881488557,True,,D:\HNOCS\out\experimental results\B-2-v4\seed_48\gen_60\hnn\metrics.json
figure3,HNN,Full-GA,48,thermal_safety,sigma_T_K,sigma_T,K,ReferenceMapping,2.454372247071413,1.6381491854504802,-0.8162230616209327,-33.2558788747249,4.878621881488557,True,,D:\HNOCS\out\experimental results\B-2-v4\seed_48\gen_60\hnn\metrics.json
figure3,HNN,Full-GA,48,thermal_safety,N_hot,N_hot,count,ReferenceMapping,16.0,2.0,-14.0,-87.5,4.878621881488557,True,,D:\HNOCS\out\experimental results\B-2-v4\seed_48\gen_60\hnn\metrics.json
figure3,HNN,Full-GA,48,performance,makespan_us,makespan,us,ReferenceMapping,203.177525,232.7646,29.587075,14.562179059913237,4.878621881488557,True,,D:\HNOCS\out\experimental results\B-2-v4\seed_48\gen_60\hnn\metrics.json
figure3,HNN,Full-GA,48,performance,DVFS_penalty_pct,DVFS,%,ReferenceMapping,11.14198573637825,0.39769316666666665,-10.744292569711584,-96.43067962860327,4.878621881488557,True,,D:\HNOCS\out\experimental results\B-2-v4\seed_48\gen_60\hnn\metrics.json
figure3,HNN,Full-GA,48,communication_pressure,comm_cost,comm,byte-hop,ReferenceMapping,2195456.0,1622016.0,-573440.0,-26.119402985074625,4.878621881488557,True,,D:\HNOCS\out\experimental results\B-2-v4\seed_48\gen_60\hnn\metrics.json
figure3,HNN,Full-GA,48,communication_pressure,congestion_proxy,congestion proxy,byte,ReferenceMapping,163840.0,131072.0,-32768.0,-19.999999999999996,4.878621881488557,True,,D:\HNOCS\out\experimental results\B-2-v4\seed_48\gen_60\hnn\metrics.json
figure3,HNN,Full-GA,48,mapping_balance,load_imbalance,load imbalance,ratio,ReferenceMapping,0.3028095733610822,0.7502601456815817,0.4474505723204995,147.766323024055,4.878621881488557,True,,D:\HNOCS\out\experimental results\B-2-v4\seed_48\gen_60\hnn\metrics.json
figure3,HNN,Full-GA,48,energy,total_PE_optical_energy_mJ,total energy,mJ,ReferenceMapping,4.651317011228462,4.410111203904614,-0.24120580732384855,-5.185752911305941,4.878621881488557,True,,D:\HNOCS\out\experimental results\B-2-v4\seed_48\gen_60\hnn\metrics.json
figure3,GEMM,Full-GA,49,thermal_safety,T_max_C,T_max,C,ReferenceMapping,54.93421735578005,53.01589468322004,-1.9183226725600093,-3.492036047653213,3.7786313870473434,True,,D:\HNOCS\out\experimental results\B-2-v4\seed_49\gen_60\gemm\metrics.json
figure3,GEMM,Full-GA,49,thermal_safety,sigma_T_K,sigma_T,K,ReferenceMapping,2.1434761400252804,1.3411140195986384,-0.802362120426642,-37.43275259491243,3.7786313870473434,True,,D:\HNOCS\out\experimental results\B-2-v4\seed_49\gen_60\gemm\metrics.json
figure3,GEMM,Full-GA,49,thermal_safety,N_hot,N_hot,count,ReferenceMapping,6.0,0.0,-6.0,-100.0,3.7786313870473434,True,,D:\HNOCS\out\experimental results\B-2-v4\seed_49\gen_60\gemm\metrics.json
figure3,GEMM,Full-GA,49,performance,makespan_us,makespan,us,ReferenceMapping,120.405,116.71260000000001,-3.692399999999992,-3.0666500560607934,3.7786313870473434,True,,D:\HNOCS\out\experimental results\B-2-v4\seed_49\gen_60\gemm\metrics.json
figure3,GEMM,Full-GA,49,performance,DVFS_penalty_pct,DVFS,%,ReferenceMapping,1.8350526805555563,0.0,-1.8350526805555563,-100.0,3.7786313870473434,True,,D:\HNOCS\out\experimental results\B-2-v4\seed_49\gen_60\gemm\metrics.json
figure3,GEMM,Full-GA,49,communication_pressure,comm_cost,comm,byte-hop,ReferenceMapping,104448.0,70656.0,-33792.0,-32.35294117647059,3.7786313870473434,True,,D:\HNOCS\out\experimental results\B-2-v4\seed_49\gen_60\gemm\metrics.json
figure3,GEMM,Full-GA,49,communication_pressure,congestion_proxy,congestion proxy,byte,ReferenceMapping,22528.0,8192.0,-14336.0,-63.63636363636363,3.7786313870473434,True,,D:\HNOCS\out\experimental results\B-2-v4\seed_49\gen_60\gemm\metrics.json
figure3,GEMM,Full-GA,49,mapping_balance,load_imbalance,load imbalance,ratio,ReferenceMapping,0.9202539178734378,0.8059908748264233,-0.11426304304701451,-12.416469066609181,3.7786313870473434,True,,D:\HNOCS\out\experimental results\B-2-v4\seed_49\gen_60\gemm\metrics.json
figure3,GEMM,Full-GA,49,energy,total_PE_optical_energy_mJ,total energy,mJ,ReferenceMapping,1.5708734939939561,1.5160830251470978,-0.05479046884685834,-3.487898233456932,3.7786313870473434,True,,D:\HNOCS\out\experimental results\B-2-v4\seed_49\gen_60\gemm\metrics.json
figure3,MPEG4,Full-GA,49,thermal_safety,T_max_C,T_max,C,ReferenceMapping,54.44663874680003,52.293796117700026,-2.1528426291000073,-3.954041385569529,4.188954448764773,True,,D:\HNOCS\out\experimental results\B-2-v4\seed_49\gen_60\mpeg4\metrics.json
figure3,MPEG4,Full-GA,49,thermal_safety,sigma_T_K,sigma_T,K,ReferenceMapping,1.3003837749577485,1.0494445477996053,-0.2509392271581432,-19.297320682603612,4.188954448764773,True,,D:\HNOCS\out\experimental results\B-2-v4\seed_49\gen_60\mpeg4\metrics.json
figure3,MPEG4,Full-GA,49,thermal_safety,N_hot,N_hot,count,ReferenceMapping,2.0,0.0,-2.0,-100.0,4.188954448764773,True,,D:\HNOCS\out\experimental results\B-2-v4\seed_49\gen_60\mpeg4\metrics.json
figure3,MPEG4,Full-GA,49,performance,makespan_us,makespan,us,ReferenceMapping,122.06989999999999,121.56960000000001,-0.5002999999999815,-0.40984714495545527,4.188954448764773,True,,D:\HNOCS\out\experimental results\B-2-v4\seed_49\gen_60\mpeg4\metrics.json
figure3,MPEG4,Full-GA,49,performance,DVFS_penalty_pct,DVFS,%,ReferenceMapping,0.07168423611111063,0.0,-0.07168423611111063,-100.0,4.188954448764773,True,,D:\HNOCS\out\experimental results\B-2-v4\seed_49\gen_60\mpeg4\metrics.json
figure3,MPEG4,Full-GA,49,communication_pressure,comm_cost,comm,byte-hop,ReferenceMapping,420000.0,352000.0,-68000.0,-16.19047619047619,4.188954448764773,True,,D:\HNOCS\out\experimental results\B-2-v4\seed_49\gen_60\mpeg4\metrics.json
figure3,MPEG4,Full-GA,49,communication_pressure,congestion_proxy,congestion proxy,byte,ReferenceMapping,88000.0,48000.0,-40000.0,-45.45454545454546,4.188954448764773,True,,D:\HNOCS\out\experimental results\B-2-v4\seed_49\gen_60\mpeg4\metrics.json
figure3,MPEG4,Full-GA,49,mapping_balance,load_imbalance,load imbalance,ratio,ReferenceMapping,0.5670623064060744,0.5670623064060744,0.0,0.0,4.188954448764773,True,,D:\HNOCS\out\experimental results\B-2-v4\seed_49\gen_60\mpeg4\metrics.json
figure3,MPEG4,Full-GA,49,energy,total_PE_optical_energy_mJ,total energy,mJ,ReferenceMapping,1.1328804365769536,1.127634381509737,-0.005246055067216648,-0.46307226233580634,4.188954448764773,True,,D:\HNOCS\out\experimental results\B-2-v4\seed_49\gen_60\mpeg4\metrics.json
figure3,VOPD,Full-GA,49,thermal_safety,T_max_C,T_max,C,ReferenceMapping,52.22271921261,51.49230886724001,-0.7304103453699895,-1.3986447974804417,4.2209760937638094,True,,D:\HNOCS\out\experimental results\B-2-v4\seed_49\gen_60\vopd\metrics.json
figure3,VOPD,Full-GA,49,thermal_safety,sigma_T_K,sigma_T,K,ReferenceMapping,0.9870939912641029,0.8656095550600199,-0.121484436204083,-12.307281503001178,4.2209760937638094,True,,D:\HNOCS\out\experimental results\B-2-v4\seed_49\gen_60\vopd\metrics.json
figure3,VOPD,Full-GA,49,thermal_safety,N_hot,N_hot,count,ReferenceMapping,0.0,0.0,0.0,,4.2209760937638094,True,,D:\HNOCS\out\experimental results\B-2-v4\seed_49\gen_60\vopd\metrics.json
figure3,VOPD,Full-GA,49,performance,makespan_us,makespan,us,ReferenceMapping,89.3329,89.3848,0.05190000000000339,0.05809729674062236,4.2209760937638094,True,,D:\HNOCS\out\experimental results\B-2-v4\seed_49\gen_60\vopd\metrics.json
figure3,VOPD,Full-GA,49,performance,DVFS_penalty_pct,DVFS,%,ReferenceMapping,0.0,0.0,0.0,,4.2209760937638094,True,,D:\HNOCS\out\experimental results\B-2-v4\seed_49\gen_60\vopd\metrics.json
figure3,VOPD,Full-GA,49,communication_pressure,comm_cost,comm,byte-hop,ReferenceMapping,1396000.0,1146000.0,-250000.0,-17.90830945558739,4.2209760937638094,True,,D:\HNOCS\out\experimental results\B-2-v4\seed_49\gen_60\vopd\metrics.json
figure3,VOPD,Full-GA,49,communication_pressure,congestion_proxy,congestion proxy,byte,ReferenceMapping,252000.0,78000.0,-174000.0,-69.04761904761905,4.2209760937638094,True,,D:\HNOCS\out\experimental results\B-2-v4\seed_49\gen_60\vopd\metrics.json
figure3,VOPD,Full-GA,49,mapping_balance,load_imbalance,load imbalance,ratio,ReferenceMapping,0.35802469135802467,0.35802469135802467,0.0,0.0,4.2209760937638094,True,,D:\HNOCS\out\experimental results\B-2-v4\seed_49\gen_60\vopd\metrics.json
figure3,VOPD,Full-GA,49,energy,total_PE_optical_energy_mJ,total energy,mJ,ReferenceMapping,0.7507385223064373,0.7499053430444169,-0.0008331792620204226,-0.11098128539623886,4.2209760937638094,True,,D:\HNOCS\out\experimental results\B-2-v4\seed_49\gen_60\vopd\metrics.json
figure3,HNN,Full-GA,49,thermal_safety,T_max_C,T_max,C,ReferenceMapping,55.66757624162,56.88350197092001,1.215925729300011,2.184262027185091,5.327389471999339,True,,D:\HNOCS\out\experimental results\B-2-v4\seed_49\gen_60\hnn\metrics.json
figure3,HNN,Full-GA,49,thermal_safety,sigma_T_K,sigma_T,K,ReferenceMapping,2.454372247071413,1.8051743860009912,-0.6491978610704217,-26.450668265380383,5.327389471999339,True,,D:\HNOCS\out\experimental results\B-2-v4\seed_49\gen_60\hnn\metrics.json
figure3,HNN,Full-GA,49,thermal_safety,N_hot,N_hot,count,ReferenceMapping,16.0,11.0,-5.0,-31.25,5.327389471999339,True,,D:\HNOCS\out\experimental results\B-2-v4\seed_49\gen_60\hnn\metrics.json
figure3,HNN,Full-GA,49,performance,makespan_us,makespan,us,ReferenceMapping,203.177525,222.36860000000001,19.191075000000012,9.445471392566684,5.327389471999339,True,,D:\HNOCS\out\experimental results\B-2-v4\seed_49\gen_60\hnn\metrics.json
figure3,HNN,Full-GA,49,performance,DVFS_penalty_pct,DVFS,%,ReferenceMapping,11.14198573637825,4.9939487059295145,-6.148037030448736,-55.179006470772784,5.327389471999339,True,,D:\HNOCS\out\experimental results\B-2-v4\seed_49\gen_60\hnn\metrics.json
figure3,HNN,Full-GA,49,communication_pressure,comm_cost,comm,byte-hop,ReferenceMapping,2195456.0,1720320.0,-475136.0,-21.641791044776117,5.327389471999339,True,,D:\HNOCS\out\experimental results\B-2-v4\seed_49\gen_60\hnn\metrics.json
figure3,HNN,Full-GA,49,communication_pressure,congestion_proxy,congestion proxy,byte,ReferenceMapping,163840.0,131072.0,-32768.0,-19.999999999999996,5.327389471999339,True,,D:\HNOCS\out\experimental results\B-2-v4\seed_49\gen_60\hnn\metrics.json
figure3,HNN,Full-GA,49,mapping_balance,load_imbalance,load imbalance,ratio,ReferenceMapping,0.3028095733610822,0.31321540062434966,0.010405827263267442,3.436426116838498,5.327389471999339,True,,D:\HNOCS\out\experimental results\B-2-v4\seed_49\gen_60\hnn\metrics.json
figure3,HNN,Full-GA,49,energy,total_PE_optical_energy_mJ,total energy,mJ,ReferenceMapping,4.651317011228462,4.5813381171139955,-0.06997889411446678,-1.504496338252903,5.327389471999339,True,,D:\HNOCS\out\experimental results\B-2-v4\seed_49\gen_60\hnn\metrics.json
